Copyright 1986-2022 Xilinx, Inc. All Rights Reserved. Copyright 2022-2024 Advanced Micro Devices, Inc. All Rights Reserved.
---------------------------------------------------------------------------------------------------------------------------------------------------------------------------------------------------------------------------------------------------------------------------------
| Tool Version : Vivado v.2024.1 (win64) Build 5076996 Wed May 22 18:37:14 MDT 2024
| Date         : Thu Nov 13 23:56:41 2025
| Host         : LAPTOP-1UT37K21 running 64-bit major release  (build 9200)
| Command      : report_timing_summary -max_paths 10 -report_unconstrained -file vedicdivider_dhwajank_hybrid_timing_summary_routed.rpt -pb vedicdivider_dhwajank_hybrid_timing_summary_routed.pb -rpx vedicdivider_dhwajank_hybrid_timing_summary_routed.rpx -warn_on_violation
| Design       : vedicdivider_dhwajank_hybrid
| Device       : 7a200t-fbg676
| Speed File   : -2  PRODUCTION 1.23 2018-06-13
| Design State : Routed
---------------------------------------------------------------------------------------------------------------------------------------------------------------------------------------------------------------------------------------------------------------------------------

Timing Summary Report

------------------------------------------------------------------------------------------------
| Timer Settings
| --------------
------------------------------------------------------------------------------------------------

  Enable Multi Corner Analysis               :  Yes
  Enable Pessimism Removal                   :  Yes
  Pessimism Removal Resolution               :  Nearest Common Node
  Enable Input Delay Default Clock           :  No
  Enable Preset / Clear Arcs                 :  No
  Disable Flight Delays                      :  No
  Ignore I/O Paths                           :  No
  Timing Early Launch at Borrowing Latches   :  No
  Borrow Time for Max Delay Exceptions       :  Yes
  Merge Timing Exceptions                    :  Yes
  Inter-SLR Compensation                     :  Conservative

  Corner  Analyze    Analyze    
  Name    Max Paths  Min Paths  
  ------  ---------  ---------  
  Slow    Yes        Yes        
  Fast    Yes        Yes        


------------------------------------------------------------------------------------------------
| Report Methodology
| ------------------
------------------------------------------------------------------------------------------------

No report available as report_methodology has not been run prior. Run report_methodology on the current design for the summary of methodology violations.



check_timing report

Table of Contents
-----------------
1. checking no_clock (0)
2. checking constant_clock (0)
3. checking pulse_width_clock (0)
4. checking unconstrained_internal_endpoints (0)
5. checking no_input_delay (0)
6. checking no_output_delay (0)
7. checking multiple_clock (0)
8. checking generated_clocks (0)
9. checking loops (0)
10. checking partial_input_delay (0)
11. checking partial_output_delay (0)
12. checking latch_loops (0)

1. checking no_clock (0)
------------------------
 There are 0 register/latch pins with no clock.


2. checking constant_clock (0)
------------------------------
 There are 0 register/latch pins with constant_clock.


3. checking pulse_width_clock (0)
---------------------------------
 There are 0 register/latch pins which need pulse_width check


4. checking unconstrained_internal_endpoints (0)
------------------------------------------------
 There are 0 pins that are not constrained for maximum delay.

 There are 0 pins that are not constrained for maximum delay due to constant clock.


5. checking no_input_delay (0)
------------------------------
 There are 0 input ports with no input delay specified.

 There are 0 input ports with no input delay but user has a false path constraint.


6. checking no_output_delay (0)
-------------------------------
 There are 0 ports with no output delay specified.

 There are 0 ports with no output delay but user has a false path constraint

 There are 0 ports with no output delay but with a timing clock defined on it or propagating through it


7. checking multiple_clock (0)
------------------------------
 There are 0 register/latch pins with multiple clocks.


8. checking generated_clocks (0)
--------------------------------
 There are 0 generated clocks that are not connected to a clock source.


9. checking loops (0)
---------------------
 There are 0 combinational loops in the design.


10. checking partial_input_delay (0)
------------------------------------
 There are 0 input ports with partial input delay specified.


11. checking partial_output_delay (0)
-------------------------------------
 There are 0 ports with partial output delay specified.


12. checking latch_loops (0)
----------------------------
 There are 0 combinational latch loops in the design through latch input



------------------------------------------------------------------------------------------------
| Design Timing Summary
| ---------------------
------------------------------------------------------------------------------------------------

    WNS(ns)      TNS(ns)  TNS Failing Endpoints  TNS Total Endpoints      WHS(ns)      THS(ns)  THS Failing Endpoints  THS Total Endpoints     WPWS(ns)     TPWS(ns)  TPWS Failing Endpoints  TPWS Total Endpoints  
    -------      -------  ---------------------  -------------------      -------      -------  ---------------------  -------------------     --------     --------  ----------------------  --------------------  
        inf        0.000                      0                   20          inf        0.000                      0                   20           NA           NA                      NA                    NA  


There are no user specified timing constraints.


------------------------------------------------------------------------------------------------
| Clock Summary
| -------------
------------------------------------------------------------------------------------------------


------------------------------------------------------------------------------------------------
| Intra Clock Table
| -----------------
------------------------------------------------------------------------------------------------

Clock             WNS(ns)      TNS(ns)  TNS Failing Endpoints  TNS Total Endpoints      WHS(ns)      THS(ns)  THS Failing Endpoints  THS Total Endpoints     WPWS(ns)     TPWS(ns)  TPWS Failing Endpoints  TPWS Total Endpoints  
-----             -------      -------  ---------------------  -------------------      -------      -------  ---------------------  -------------------     --------     --------  ----------------------  --------------------  


------------------------------------------------------------------------------------------------
| Inter Clock Table
| -----------------
------------------------------------------------------------------------------------------------

From Clock    To Clock          WNS(ns)      TNS(ns)  TNS Failing Endpoints  TNS Total Endpoints      WHS(ns)      THS(ns)  THS Failing Endpoints  THS Total Endpoints  
----------    --------          -------      -------  ---------------------  -------------------      -------      -------  ---------------------  -------------------  


------------------------------------------------------------------------------------------------
| Other Path Groups Table
| -----------------------
------------------------------------------------------------------------------------------------

Path Group    From Clock    To Clock          WNS(ns)      TNS(ns)  TNS Failing Endpoints  TNS Total Endpoints      WHS(ns)      THS(ns)  THS Failing Endpoints  THS Total Endpoints  
----------    ----------    --------          -------      -------  ---------------------  -------------------      -------      -------  ---------------------  -------------------  


------------------------------------------------------------------------------------------------
| User Ignored Path Table
| -----------------------
------------------------------------------------------------------------------------------------

Path Group    From Clock    To Clock    
----------    ----------    --------    


------------------------------------------------------------------------------------------------
| Unconstrained Path Table
| ------------------------
------------------------------------------------------------------------------------------------

Path Group    From Clock    To Clock    
----------    ----------    --------    
(none)                                    


------------------------------------------------------------------------------------------------
| Timing Details
| --------------
------------------------------------------------------------------------------------------------


--------------------------------------------------------------------------------------
Path Group:  (none)
From Clock:  
  To Clock:  

Max Delay            20 Endpoints
Min Delay            20 Endpoints
--------------------------------------------------------------------------------------


Max Delay Paths
--------------------------------------------------------------------------------------
Slack:                    inf
  Source:                 dividend_bcd[13]
                            (input port)
  Destination:            remainder_bcd[6]
                            (output port)
  Path Group:             (none)
  Path Type:              Max at Slow Process Corner
  Data Path Delay:        52.422ns  (logic 15.162ns (28.923%)  route 37.260ns (71.077%))
  Logic Levels:           56  (CARRY4=21 IBUF=1 LUT2=1 LUT4=5 LUT5=13 LUT6=14 OBUF=1)

    Location             Delay type                Incr(ns)  Path(ns)    Netlist Resource(s)
  -------------------------------------------------------------------    -------------------
    R21                                               0.000     0.000 r  dividend_bcd[13] (IN)
                         net (fo=0)                   0.000     0.000    dividend_bcd[13]
    R21                  IBUF (Prop_ibuf_I_O)         0.880     0.880 r  dividend_bcd_IBUF[13]_inst/O
                         net (fo=7, routed)           1.161     2.041    dividend_bcd_IBUF[13]
    SLICE_X1Y113         LUT4 (Prop_lut4_I2_O)        0.105     2.146 r  remainder_bcd_OBUF[4]_inst_i_30/O
                         net (fo=1, routed)           0.000     2.146    remainder_bcd_OBUF[4]_inst_i_30_n_0
    SLICE_X1Y113         CARRY4 (Prop_carry4_S[1]_O[2])
                                                      0.481     2.627 r  remainder_bcd_OBUF[4]_inst_i_21/O[2]
                         net (fo=2, routed)           0.801     3.428    remainder_bcd_OBUF[4]_inst_i_21_n_5
    SLICE_X0Y113         LUT5 (Prop_lut5_I4_O)        0.253     3.681 r  remainder_bcd_OBUF[4]_inst_i_22/O
                         net (fo=1, routed)           0.000     3.681    remainder_bcd_OBUF[4]_inst_i_22_n_0
    SLICE_X0Y113         CARRY4 (Prop_carry4_S[3]_CO[3])
                                                      0.332     4.013 r  remainder_bcd_OBUF[4]_inst_i_19/CO[3]
                         net (fo=1, routed)           0.000     4.013    remainder_bcd_OBUF[4]_inst_i_19_n_0
    SLICE_X0Y114         CARRY4 (Prop_carry4_CI_O[1])
                                                      0.265     4.278 r  quotient_bcd_OBUF[11]_inst_i_178/O[1]
                         net (fo=1, routed)           0.601     4.879    C[9]
    SLICE_X4Y113         LUT2 (Prop_lut2_I1_O)        0.250     5.129 r  quotient_bcd_OBUF[4]_inst_i_118/O
                         net (fo=1, routed)           0.000     5.129    quotient_bcd_OBUF[4]_inst_i_118_n_0
    SLICE_X4Y113         CARRY4 (Prop_carry4_S[3]_CO[3])
                                                      0.332     5.461 r  quotient_bcd_OBUF[4]_inst_i_116/CO[3]
                         net (fo=1, routed)           0.000     5.461    quotient_bcd_OBUF[4]_inst_i_116_n_0
    SLICE_X4Y114         CARRY4 (Prop_carry4_CI_O[1])
                                                      0.265     5.726 r  quotient_bcd_OBUF[11]_inst_i_127/O[1]
                         net (fo=1, routed)           0.398     6.124    PCOUT[11]
    SLICE_X2Y114         CARRY4 (Prop_carry4_S[2]_CO[3])
                                                      0.566     6.690 r  quotient_bcd_OBUF[11]_inst_i_105/CO[3]
                         net (fo=1, routed)           0.000     6.690    quotient_bcd_OBUF[11]_inst_i_105_n_0
    SLICE_X2Y115         CARRY4 (Prop_carry4_CI_O[0])
                                                      0.178     6.868 r  quotient_bcd_OBUF[11]_inst_i_101/O[0]
                         net (fo=8, routed)           1.562     8.430    p_0_in
    SLICE_X8Y129         LUT6 (Prop_lut6_I3_O)        0.238     8.668 f  quotient_bcd_OBUF[11]_inst_i_53/O
                         net (fo=2, routed)           0.361     9.029    quotient_bcd_OBUF[11]_inst_i_53_n_0
    SLICE_X8Y129         LUT5 (Prop_lut5_I2_O)        0.125     9.154 r  quotient_bcd_OBUF[11]_inst_i_35/O
                         net (fo=17, routed)          1.176    10.330    quotient_bcd_OBUF[11]_inst_i_35_n_0
    SLICE_X0Y127         LUT4 (Prop_lut4_I1_O)        0.264    10.594 r  quotient_bcd_OBUF[11]_inst_i_134/O
                         net (fo=1, routed)           0.000    10.594    quotient_bcd_OBUF[11]_inst_i_134_n_0
    SLICE_X0Y127         CARRY4 (Prop_carry4_S[1]_O[1])
                                                      0.187    10.781 r  quotient_bcd_OBUF[11]_inst_i_103/O[1]
                         net (fo=1, routed)           0.403    11.184    quotient_bcd_OBUF[11]_inst_i_103_n_6
    SLICE_X1Y127         LUT4 (Prop_lut4_I2_O)        0.250    11.434 r  quotient_bcd_OBUF[11]_inst_i_104/O
                         net (fo=7, routed)           0.847    12.282    quotient_bcd_OBUF[11]_inst_i_104_n_0
    SLICE_X2Y127         LUT5 (Prop_lut5_I0_O)        0.105    12.387 r  quotient_bcd_OBUF[11]_inst_i_163/O
                         net (fo=1, routed)           0.000    12.387    quotient_bcd_OBUF[11]_inst_i_163_n_0
    SLICE_X2Y127         CARRY4 (Prop_carry4_S[2]_CO[3])
                                                      0.316    12.703 r  quotient_bcd_OBUF[11]_inst_i_122/CO[3]
                         net (fo=1, routed)           0.000    12.703    quotient_bcd_OBUF[11]_inst_i_122_n_0
    SLICE_X2Y128         CARRY4 (Prop_carry4_CI_O[0])
                                                      0.178    12.881 r  quotient_bcd_OBUF[11]_inst_i_118/O[0]
                         net (fo=4, routed)           0.700    13.581    quotient_bcd_OBUF[11]_inst_i_118_n_7
    SLICE_X4Y128         LUT4 (Prop_lut4_I2_O)        0.252    13.833 r  quotient_bcd_OBUF[11]_inst_i_120/O
                         net (fo=5, routed)           0.908    14.741    quotient_bcd_OBUF[11]_inst_i_120_n_0
    SLICE_X4Y127         LUT6 (Prop_lut6_I1_O)        0.275    15.016 r  quotient_bcd_OBUF[11]_inst_i_86/O
                         net (fo=1, routed)           0.398    15.413    quotient_bcd_OBUF[11]_inst_i_86_n_0
    SLICE_X5Y127         CARRY4 (Prop_carry4_DI[2]_CO[3])
                                                      0.329    15.742 r  quotient_bcd_OBUF[11]_inst_i_50/CO[3]
                         net (fo=33, routed)          1.373    17.116    quotient_bcd_OBUF[11]_inst_i_50_n_0
    SLICE_X4Y127         LUT6 (Prop_lut6_I5_O)        0.105    17.221 r  quotient_bcd_OBUF[11]_inst_i_114/O
                         net (fo=8, routed)           1.451    18.672    quotient_bcd_OBUF[11]_inst_i_114_n_0
    SLICE_X5Y125         LUT6 (Prop_lut6_I1_O)        0.105    18.777 r  quotient_bcd_OBUF[11]_inst_i_94/O
                         net (fo=1, routed)           0.394    19.171    quotient_bcd_OBUF[11]_inst_i_94_n_0
    SLICE_X4Y125         CARRY4 (Prop_carry4_DI[2]_CO[3])
                                                      0.329    19.500 r  quotient_bcd_OBUF[11]_inst_i_51/CO[3]
                         net (fo=30, routed)          0.602    20.102    quotient_bcd_OBUF[11]_inst_i_51_n_0
    SLICE_X7Y126         LUT5 (Prop_lut5_I1_O)        0.105    20.207 r  quotient_bcd_OBUF[11]_inst_i_111/O
                         net (fo=10, routed)          1.094    21.301    quotient_bcd_OBUF[11]_inst_i_111_n_0
    SLICE_X8Y126         LUT6 (Prop_lut6_I4_O)        0.105    21.406 r  quotient_bcd_OBUF[11]_inst_i_79/O
                         net (fo=1, routed)           0.429    21.835    quotient_bcd_OBUF[11]_inst_i_79_n_0
    SLICE_X9Y126         CARRY4 (Prop_carry4_DI[1]_CO[3])
                                                      0.418    22.253 r  quotient_bcd_OBUF[11]_inst_i_49/CO[3]
                         net (fo=28, routed)          1.098    23.351    quotient_bcd_OBUF[11]_inst_i_49_n_0
    SLICE_X9Y127         LUT5 (Prop_lut5_I1_O)        0.105    23.456 r  quotient_bcd_OBUF[8]_inst_i_47/O
                         net (fo=10, routed)          1.041    24.497    quotient_bcd_OBUF[8]_inst_i_47_n_0
    SLICE_X9Y129         LUT6 (Prop_lut6_I4_O)        0.105    24.602 r  quotient_bcd_OBUF[11]_inst_i_71/O
                         net (fo=1, routed)           0.408    25.010    quotient_bcd_OBUF[11]_inst_i_71_n_0
    SLICE_X9Y128         CARRY4 (Prop_carry4_DI[1]_CO[3])
                                                      0.418    25.428 r  quotient_bcd_OBUF[11]_inst_i_48/CO[3]
                         net (fo=28, routed)          1.442    26.870    quotient_bcd_OBUF[11]_inst_i_48_n_0
    SLICE_X7Y131         LUT5 (Prop_lut5_I1_O)        0.105    26.975 r  quotient_bcd_OBUF[8]_inst_i_38/O
                         net (fo=7, routed)           0.827    27.802    quotient_bcd_OBUF[8]_inst_i_38_n_0
    SLICE_X5Y129         LUT6 (Prop_lut6_I0_O)        0.105    27.907 r  quotient_bcd_OBUF[8]_inst_i_33/O
                         net (fo=1, routed)           0.000    27.907    quotient_bcd_OBUF[8]_inst_i_33_n_0
    SLICE_X5Y129         CARRY4 (Prop_carry4_S[2]_CO[3])
                                                      0.332    28.239 r  quotient_bcd_OBUF[8]_inst_i_19/CO[3]
                         net (fo=28, routed)          0.970    29.209    quotient_bcd_OBUF[8]_inst_i_19_n_0
    SLICE_X5Y128         LUT5 (Prop_lut5_I1_O)        0.105    29.314 r  quotient_bcd_OBUF[4]_inst_i_73/O
                         net (fo=10, routed)          1.045    30.358    quotient_bcd_OBUF[4]_inst_i_73_n_0
    SLICE_X5Y132         LUT6 (Prop_lut6_I4_O)        0.105    30.463 r  quotient_bcd_OBUF[8]_inst_i_22/O
                         net (fo=1, routed)           0.255    30.718    quotient_bcd_OBUF[8]_inst_i_22_n_0
    SLICE_X6Y132         CARRY4 (Prop_carry4_DI[1]_CO[3])
                                                      0.430    31.148 r  quotient_bcd_OBUF[8]_inst_i_18/CO[3]
                         net (fo=28, routed)          1.413    32.562    quotient_bcd_OBUF[8]_inst_i_18_n_0
    SLICE_X4Y129         LUT5 (Prop_lut5_I1_O)        0.105    32.667 r  quotient_bcd_OBUF[4]_inst_i_67/O
                         net (fo=10, routed)          0.951    33.618    quotient_bcd_OBUF[4]_inst_i_67_n_0
    SLICE_X3Y132         LUT6 (Prop_lut6_I4_O)        0.105    33.723 r  quotient_bcd_OBUF[4]_inst_i_45/O
                         net (fo=1, routed)           0.000    33.723    quotient_bcd_OBUF[4]_inst_i_45_n_0
    SLICE_X3Y132         CARRY4 (Prop_carry4_S[1]_CO[3])
                                                      0.457    34.180 r  quotient_bcd_OBUF[4]_inst_i_9/CO[3]
                         net (fo=30, routed)          1.303    35.483    quotient_bcd_OBUF[4]_inst_i_9_n_0
    SLICE_X5Y134         LUT5 (Prop_lut5_I1_O)        0.105    35.588 r  quotient_bcd_OBUF[4]_inst_i_50/O
                         net (fo=7, routed)           0.656    36.244    quotient_bcd_OBUF[4]_inst_i_50_n_0
    SLICE_X2Y133         LUT6 (Prop_lut6_I1_O)        0.105    36.349 r  quotient_bcd_OBUF[4]_inst_i_32/O
                         net (fo=1, routed)           0.414    36.764    quotient_bcd_OBUF[4]_inst_i_32_n_0
    SLICE_X2Y132         CARRY4 (Prop_carry4_DI[2]_CO[3])
                                                      0.334    37.097 r  quotient_bcd_OBUF[4]_inst_i_8/CO[3]
                         net (fo=29, routed)          1.342    38.439    quotient_bcd_OBUF[4]_inst_i_8_n_0
    SLICE_X3Y133         LUT5 (Prop_lut5_I1_O)        0.105    38.544 r  quotient_bcd_OBUF[4]_inst_i_56/O
                         net (fo=10, routed)          0.609    39.153    quotient_bcd_OBUF[4]_inst_i_56_n_0
    SLICE_X6Y135         LUT6 (Prop_lut6_I4_O)        0.105    39.258 r  quotient_bcd_OBUF[4]_inst_i_17/O
                         net (fo=1, routed)           0.255    39.513    quotient_bcd_OBUF[4]_inst_i_17_n_0
    SLICE_X5Y135         CARRY4 (Prop_carry4_DI[1]_CO[3])
                                                      0.418    39.931 r  quotient_bcd_OBUF[4]_inst_i_4/CO[3]
                         net (fo=31, routed)          0.811    40.742    quotient_bcd_OBUF[4]_inst_i_4_n_0
    SLICE_X4Y136         LUT5 (Prop_lut5_I1_O)        0.105    40.847 r  remainder_bcd_OBUF[7]_inst_i_5/O
                         net (fo=7, routed)           0.716    41.563    remainder_bcd_OBUF[7]_inst_i_5_n_0
    SLICE_X2Y136         LUT6 (Prop_lut6_I1_O)        0.105    41.668 r  quotient_bcd_OBUF[4]_inst_i_24/O
                         net (fo=1, routed)           0.510    42.178    quotient_bcd_OBUF[4]_inst_i_24_n_0
    SLICE_X2Y137         CARRY4 (Prop_carry4_DI[2]_CO[3])
                                                      0.334    42.512 r  quotient_bcd_OBUF[4]_inst_i_7/CO[3]
                         net (fo=27, routed)          0.973    43.485    quotient_bcd_OBUF[4]_inst_i_7_n_0
    SLICE_X4Y136         LUT5 (Prop_lut5_I4_O)        0.105    43.590 f  remainder_bcd_OBUF[7]_inst_i_8/O
                         net (fo=3, routed)           0.696    44.286    remainder_bcd_OBUF[7]_inst_i_8_n_0
    SLICE_X3Y136         LUT6 (Prop_lut6_I1_O)        0.105    44.391 r  quotient_bcd_OBUF[0]_inst_i_4/O
                         net (fo=1, routed)           0.623    45.014    quotient_bcd_OBUF[0]_inst_i_4_n_0
    SLICE_X3Y137         CARRY4 (Prop_carry4_DI[2]_CO[3])
                                                      0.329    45.343 r  quotient_bcd_OBUF[0]_inst_i_2/CO[3]
                         net (fo=8, routed)           1.295    46.639    remainder1
    SLICE_X4Y137         LUT4 (Prop_lut4_I1_O)        0.115    46.754 r  remainder_bcd_OBUF[7]_inst_i_3/O
                         net (fo=9, routed)           0.852    47.606    remainder_bcd_OBUF[7]_inst_i_3_n_0
    SLICE_X1Y138         LUT6 (Prop_lut6_I1_O)        0.267    47.873 f  remainder_bcd_OBUF[6]_inst_i_2/O
                         net (fo=1, routed)           0.547    48.420    remainder_bcd_OBUF[6]_inst_i_2_n_0
    SLICE_X1Y138         LUT5 (Prop_lut5_I3_O)        0.105    48.525 r  remainder_bcd_OBUF[6]_inst_i_1/O
                         net (fo=1, routed)           1.547    50.072    remainder_bcd_OBUF[6]
    N16                  OBUF (Prop_obuf_I_O)         2.350    52.422 r  remainder_bcd_OBUF[6]_inst/O
                         net (fo=0)                   0.000    52.422    remainder_bcd[6]
    N16                                                               r  remainder_bcd[6] (OUT)
  -------------------------------------------------------------------    -------------------

Slack:                    inf
  Source:                 dividend_bcd[13]
                            (input port)
  Destination:            remainder_bcd[7]
                            (output port)
  Path Group:             (none)
  Path Type:              Max at Slow Process Corner
  Data Path Delay:        51.834ns  (logic 15.249ns (29.418%)  route 36.585ns (70.582%))
  Logic Levels:           55  (CARRY4=21 IBUF=1 LUT2=1 LUT3=1 LUT4=5 LUT5=12 LUT6=13 OBUF=1)

    Location             Delay type                Incr(ns)  Path(ns)    Netlist Resource(s)
  -------------------------------------------------------------------    -------------------
    R21                                               0.000     0.000 r  dividend_bcd[13] (IN)
                         net (fo=0)                   0.000     0.000    dividend_bcd[13]
    R21                  IBUF (Prop_ibuf_I_O)         0.880     0.880 r  dividend_bcd_IBUF[13]_inst/O
                         net (fo=7, routed)           1.161     2.041    dividend_bcd_IBUF[13]
    SLICE_X1Y113         LUT4 (Prop_lut4_I2_O)        0.105     2.146 r  remainder_bcd_OBUF[4]_inst_i_30/O
                         net (fo=1, routed)           0.000     2.146    remainder_bcd_OBUF[4]_inst_i_30_n_0
    SLICE_X1Y113         CARRY4 (Prop_carry4_S[1]_O[2])
                                                      0.481     2.627 r  remainder_bcd_OBUF[4]_inst_i_21/O[2]
                         net (fo=2, routed)           0.801     3.428    remainder_bcd_OBUF[4]_inst_i_21_n_5
    SLICE_X0Y113         LUT5 (Prop_lut5_I4_O)        0.253     3.681 r  remainder_bcd_OBUF[4]_inst_i_22/O
                         net (fo=1, routed)           0.000     3.681    remainder_bcd_OBUF[4]_inst_i_22_n_0
    SLICE_X0Y113         CARRY4 (Prop_carry4_S[3]_CO[3])
                                                      0.332     4.013 r  remainder_bcd_OBUF[4]_inst_i_19/CO[3]
                         net (fo=1, routed)           0.000     4.013    remainder_bcd_OBUF[4]_inst_i_19_n_0
    SLICE_X0Y114         CARRY4 (Prop_carry4_CI_O[1])
                                                      0.265     4.278 r  quotient_bcd_OBUF[11]_inst_i_178/O[1]
                         net (fo=1, routed)           0.601     4.879    C[9]
    SLICE_X4Y113         LUT2 (Prop_lut2_I1_O)        0.250     5.129 r  quotient_bcd_OBUF[4]_inst_i_118/O
                         net (fo=1, routed)           0.000     5.129    quotient_bcd_OBUF[4]_inst_i_118_n_0
    SLICE_X4Y113         CARRY4 (Prop_carry4_S[3]_CO[3])
                                                      0.332     5.461 r  quotient_bcd_OBUF[4]_inst_i_116/CO[3]
                         net (fo=1, routed)           0.000     5.461    quotient_bcd_OBUF[4]_inst_i_116_n_0
    SLICE_X4Y114         CARRY4 (Prop_carry4_CI_O[1])
                                                      0.265     5.726 r  quotient_bcd_OBUF[11]_inst_i_127/O[1]
                         net (fo=1, routed)           0.398     6.124    PCOUT[11]
    SLICE_X2Y114         CARRY4 (Prop_carry4_S[2]_CO[3])
                                                      0.566     6.690 r  quotient_bcd_OBUF[11]_inst_i_105/CO[3]
                         net (fo=1, routed)           0.000     6.690    quotient_bcd_OBUF[11]_inst_i_105_n_0
    SLICE_X2Y115         CARRY4 (Prop_carry4_CI_O[0])
                                                      0.178     6.868 r  quotient_bcd_OBUF[11]_inst_i_101/O[0]
                         net (fo=8, routed)           1.562     8.430    p_0_in
    SLICE_X8Y129         LUT6 (Prop_lut6_I3_O)        0.238     8.668 f  quotient_bcd_OBUF[11]_inst_i_53/O
                         net (fo=2, routed)           0.361     9.029    quotient_bcd_OBUF[11]_inst_i_53_n_0
    SLICE_X8Y129         LUT5 (Prop_lut5_I2_O)        0.125     9.154 r  quotient_bcd_OBUF[11]_inst_i_35/O
                         net (fo=17, routed)          1.176    10.330    quotient_bcd_OBUF[11]_inst_i_35_n_0
    SLICE_X0Y127         LUT4 (Prop_lut4_I1_O)        0.264    10.594 r  quotient_bcd_OBUF[11]_inst_i_134/O
                         net (fo=1, routed)           0.000    10.594    quotient_bcd_OBUF[11]_inst_i_134_n_0
    SLICE_X0Y127         CARRY4 (Prop_carry4_S[1]_O[1])
                                                      0.187    10.781 r  quotient_bcd_OBUF[11]_inst_i_103/O[1]
                         net (fo=1, routed)           0.403    11.184    quotient_bcd_OBUF[11]_inst_i_103_n_6
    SLICE_X1Y127         LUT4 (Prop_lut4_I2_O)        0.250    11.434 r  quotient_bcd_OBUF[11]_inst_i_104/O
                         net (fo=7, routed)           0.847    12.282    quotient_bcd_OBUF[11]_inst_i_104_n_0
    SLICE_X2Y127         LUT5 (Prop_lut5_I0_O)        0.105    12.387 r  quotient_bcd_OBUF[11]_inst_i_163/O
                         net (fo=1, routed)           0.000    12.387    quotient_bcd_OBUF[11]_inst_i_163_n_0
    SLICE_X2Y127         CARRY4 (Prop_carry4_S[2]_CO[3])
                                                      0.316    12.703 r  quotient_bcd_OBUF[11]_inst_i_122/CO[3]
                         net (fo=1, routed)           0.000    12.703    quotient_bcd_OBUF[11]_inst_i_122_n_0
    SLICE_X2Y128         CARRY4 (Prop_carry4_CI_O[0])
                                                      0.178    12.881 r  quotient_bcd_OBUF[11]_inst_i_118/O[0]
                         net (fo=4, routed)           0.700    13.581    quotient_bcd_OBUF[11]_inst_i_118_n_7
    SLICE_X4Y128         LUT4 (Prop_lut4_I2_O)        0.252    13.833 r  quotient_bcd_OBUF[11]_inst_i_120/O
                         net (fo=5, routed)           0.908    14.741    quotient_bcd_OBUF[11]_inst_i_120_n_0
    SLICE_X4Y127         LUT6 (Prop_lut6_I1_O)        0.275    15.016 r  quotient_bcd_OBUF[11]_inst_i_86/O
                         net (fo=1, routed)           0.398    15.413    quotient_bcd_OBUF[11]_inst_i_86_n_0
    SLICE_X5Y127         CARRY4 (Prop_carry4_DI[2]_CO[3])
                                                      0.329    15.742 r  quotient_bcd_OBUF[11]_inst_i_50/CO[3]
                         net (fo=33, routed)          1.373    17.116    quotient_bcd_OBUF[11]_inst_i_50_n_0
    SLICE_X4Y127         LUT6 (Prop_lut6_I5_O)        0.105    17.221 r  quotient_bcd_OBUF[11]_inst_i_114/O
                         net (fo=8, routed)           1.451    18.672    quotient_bcd_OBUF[11]_inst_i_114_n_0
    SLICE_X5Y125         LUT6 (Prop_lut6_I1_O)        0.105    18.777 r  quotient_bcd_OBUF[11]_inst_i_94/O
                         net (fo=1, routed)           0.394    19.171    quotient_bcd_OBUF[11]_inst_i_94_n_0
    SLICE_X4Y125         CARRY4 (Prop_carry4_DI[2]_CO[3])
                                                      0.329    19.500 r  quotient_bcd_OBUF[11]_inst_i_51/CO[3]
                         net (fo=30, routed)          0.602    20.102    quotient_bcd_OBUF[11]_inst_i_51_n_0
    SLICE_X7Y126         LUT5 (Prop_lut5_I1_O)        0.105    20.207 r  quotient_bcd_OBUF[11]_inst_i_111/O
                         net (fo=10, routed)          1.094    21.301    quotient_bcd_OBUF[11]_inst_i_111_n_0
    SLICE_X8Y126         LUT6 (Prop_lut6_I4_O)        0.105    21.406 r  quotient_bcd_OBUF[11]_inst_i_79/O
                         net (fo=1, routed)           0.429    21.835    quotient_bcd_OBUF[11]_inst_i_79_n_0
    SLICE_X9Y126         CARRY4 (Prop_carry4_DI[1]_CO[3])
                                                      0.418    22.253 r  quotient_bcd_OBUF[11]_inst_i_49/CO[3]
                         net (fo=28, routed)          1.098    23.351    quotient_bcd_OBUF[11]_inst_i_49_n_0
    SLICE_X9Y127         LUT5 (Prop_lut5_I1_O)        0.105    23.456 r  quotient_bcd_OBUF[8]_inst_i_47/O
                         net (fo=10, routed)          1.041    24.497    quotient_bcd_OBUF[8]_inst_i_47_n_0
    SLICE_X9Y129         LUT6 (Prop_lut6_I4_O)        0.105    24.602 r  quotient_bcd_OBUF[11]_inst_i_71/O
                         net (fo=1, routed)           0.408    25.010    quotient_bcd_OBUF[11]_inst_i_71_n_0
    SLICE_X9Y128         CARRY4 (Prop_carry4_DI[1]_CO[3])
                                                      0.418    25.428 r  quotient_bcd_OBUF[11]_inst_i_48/CO[3]
                         net (fo=28, routed)          1.442    26.870    quotient_bcd_OBUF[11]_inst_i_48_n_0
    SLICE_X7Y131         LUT5 (Prop_lut5_I1_O)        0.105    26.975 r  quotient_bcd_OBUF[8]_inst_i_38/O
                         net (fo=7, routed)           0.827    27.802    quotient_bcd_OBUF[8]_inst_i_38_n_0
    SLICE_X5Y129         LUT6 (Prop_lut6_I0_O)        0.105    27.907 r  quotient_bcd_OBUF[8]_inst_i_33/O
                         net (fo=1, routed)           0.000    27.907    quotient_bcd_OBUF[8]_inst_i_33_n_0
    SLICE_X5Y129         CARRY4 (Prop_carry4_S[2]_CO[3])
                                                      0.332    28.239 r  quotient_bcd_OBUF[8]_inst_i_19/CO[3]
                         net (fo=28, routed)          0.970    29.209    quotient_bcd_OBUF[8]_inst_i_19_n_0
    SLICE_X5Y128         LUT5 (Prop_lut5_I1_O)        0.105    29.314 r  quotient_bcd_OBUF[4]_inst_i_73/O
                         net (fo=10, routed)          1.045    30.358    quotient_bcd_OBUF[4]_inst_i_73_n_0
    SLICE_X5Y132         LUT6 (Prop_lut6_I4_O)        0.105    30.463 r  quotient_bcd_OBUF[8]_inst_i_22/O
                         net (fo=1, routed)           0.255    30.718    quotient_bcd_OBUF[8]_inst_i_22_n_0
    SLICE_X6Y132         CARRY4 (Prop_carry4_DI[1]_CO[3])
                                                      0.430    31.148 r  quotient_bcd_OBUF[8]_inst_i_18/CO[3]
                         net (fo=28, routed)          1.413    32.562    quotient_bcd_OBUF[8]_inst_i_18_n_0
    SLICE_X4Y129         LUT5 (Prop_lut5_I1_O)        0.105    32.667 r  quotient_bcd_OBUF[4]_inst_i_67/O
                         net (fo=10, routed)          0.951    33.618    quotient_bcd_OBUF[4]_inst_i_67_n_0
    SLICE_X3Y132         LUT6 (Prop_lut6_I4_O)        0.105    33.723 r  quotient_bcd_OBUF[4]_inst_i_45/O
                         net (fo=1, routed)           0.000    33.723    quotient_bcd_OBUF[4]_inst_i_45_n_0
    SLICE_X3Y132         CARRY4 (Prop_carry4_S[1]_CO[3])
                                                      0.457    34.180 r  quotient_bcd_OBUF[4]_inst_i_9/CO[3]
                         net (fo=30, routed)          1.303    35.483    quotient_bcd_OBUF[4]_inst_i_9_n_0
    SLICE_X5Y134         LUT5 (Prop_lut5_I1_O)        0.105    35.588 r  quotient_bcd_OBUF[4]_inst_i_50/O
                         net (fo=7, routed)           0.656    36.244    quotient_bcd_OBUF[4]_inst_i_50_n_0
    SLICE_X2Y133         LUT6 (Prop_lut6_I1_O)        0.105    36.349 r  quotient_bcd_OBUF[4]_inst_i_32/O
                         net (fo=1, routed)           0.414    36.764    quotient_bcd_OBUF[4]_inst_i_32_n_0
    SLICE_X2Y132         CARRY4 (Prop_carry4_DI[2]_CO[3])
                                                      0.334    37.097 r  quotient_bcd_OBUF[4]_inst_i_8/CO[3]
                         net (fo=29, routed)          1.342    38.439    quotient_bcd_OBUF[4]_inst_i_8_n_0
    SLICE_X3Y133         LUT5 (Prop_lut5_I1_O)        0.105    38.544 r  quotient_bcd_OBUF[4]_inst_i_56/O
                         net (fo=10, routed)          0.609    39.153    quotient_bcd_OBUF[4]_inst_i_56_n_0
    SLICE_X6Y135         LUT6 (Prop_lut6_I4_O)        0.105    39.258 r  quotient_bcd_OBUF[4]_inst_i_17/O
                         net (fo=1, routed)           0.255    39.513    quotient_bcd_OBUF[4]_inst_i_17_n_0
    SLICE_X5Y135         CARRY4 (Prop_carry4_DI[1]_CO[3])
                                                      0.418    39.931 r  quotient_bcd_OBUF[4]_inst_i_4/CO[3]
                         net (fo=31, routed)          0.811    40.742    quotient_bcd_OBUF[4]_inst_i_4_n_0
    SLICE_X4Y136         LUT5 (Prop_lut5_I1_O)        0.105    40.847 r  remainder_bcd_OBUF[7]_inst_i_5/O
                         net (fo=7, routed)           0.716    41.563    remainder_bcd_OBUF[7]_inst_i_5_n_0
    SLICE_X2Y136         LUT6 (Prop_lut6_I1_O)        0.105    41.668 r  quotient_bcd_OBUF[4]_inst_i_24/O
                         net (fo=1, routed)           0.510    42.178    quotient_bcd_OBUF[4]_inst_i_24_n_0
    SLICE_X2Y137         CARRY4 (Prop_carry4_DI[2]_CO[3])
                                                      0.334    42.512 r  quotient_bcd_OBUF[4]_inst_i_7/CO[3]
                         net (fo=27, routed)          0.973    43.485    quotient_bcd_OBUF[4]_inst_i_7_n_0
    SLICE_X4Y136         LUT5 (Prop_lut5_I4_O)        0.105    43.590 f  remainder_bcd_OBUF[7]_inst_i_8/O
                         net (fo=3, routed)           0.696    44.286    remainder_bcd_OBUF[7]_inst_i_8_n_0
    SLICE_X3Y136         LUT6 (Prop_lut6_I1_O)        0.105    44.391 r  quotient_bcd_OBUF[0]_inst_i_4/O
                         net (fo=1, routed)           0.623    45.014    quotient_bcd_OBUF[0]_inst_i_4_n_0
    SLICE_X3Y137         CARRY4 (Prop_carry4_DI[2]_CO[3])
                                                      0.329    45.343 r  quotient_bcd_OBUF[0]_inst_i_2/CO[3]
                         net (fo=8, routed)           1.295    46.639    remainder1
    SLICE_X4Y137         LUT4 (Prop_lut4_I1_O)        0.115    46.754 r  remainder_bcd_OBUF[7]_inst_i_3/O
                         net (fo=9, routed)           0.860    47.613    remainder_bcd_OBUF[7]_inst_i_3_n_0
    SLICE_X0Y138         LUT3 (Prop_lut3_I1_O)        0.281    47.894 r  remainder_bcd_OBUF[7]_inst_i_1/O
                         net (fo=1, routed)           1.412    49.306    remainder_bcd_OBUF[7]
    P16                  OBUF (Prop_obuf_I_O)         2.528    51.834 r  remainder_bcd_OBUF[7]_inst/O
                         net (fo=0)                   0.000    51.834    remainder_bcd[7]
    P16                                                               r  remainder_bcd[7] (OUT)
  -------------------------------------------------------------------    -------------------

Slack:                    inf
  Source:                 dividend_bcd[13]
                            (input port)
  Destination:            remainder_bcd[5]
                            (output port)
  Path Group:             (none)
  Path Type:              Max at Slow Process Corner
  Data Path Delay:        51.638ns  (logic 15.058ns (29.161%)  route 36.580ns (70.839%))
  Logic Levels:           55  (CARRY4=21 IBUF=1 LUT2=1 LUT4=5 LUT5=13 LUT6=13 OBUF=1)

    Location             Delay type                Incr(ns)  Path(ns)    Netlist Resource(s)
  -------------------------------------------------------------------    -------------------
    R21                                               0.000     0.000 r  dividend_bcd[13] (IN)
                         net (fo=0)                   0.000     0.000    dividend_bcd[13]
    R21                  IBUF (Prop_ibuf_I_O)         0.880     0.880 r  dividend_bcd_IBUF[13]_inst/O
                         net (fo=7, routed)           1.161     2.041    dividend_bcd_IBUF[13]
    SLICE_X1Y113         LUT4 (Prop_lut4_I2_O)        0.105     2.146 r  remainder_bcd_OBUF[4]_inst_i_30/O
                         net (fo=1, routed)           0.000     2.146    remainder_bcd_OBUF[4]_inst_i_30_n_0
    SLICE_X1Y113         CARRY4 (Prop_carry4_S[1]_O[2])
                                                      0.481     2.627 r  remainder_bcd_OBUF[4]_inst_i_21/O[2]
                         net (fo=2, routed)           0.801     3.428    remainder_bcd_OBUF[4]_inst_i_21_n_5
    SLICE_X0Y113         LUT5 (Prop_lut5_I4_O)        0.253     3.681 r  remainder_bcd_OBUF[4]_inst_i_22/O
                         net (fo=1, routed)           0.000     3.681    remainder_bcd_OBUF[4]_inst_i_22_n_0
    SLICE_X0Y113         CARRY4 (Prop_carry4_S[3]_CO[3])
                                                      0.332     4.013 r  remainder_bcd_OBUF[4]_inst_i_19/CO[3]
                         net (fo=1, routed)           0.000     4.013    remainder_bcd_OBUF[4]_inst_i_19_n_0
    SLICE_X0Y114         CARRY4 (Prop_carry4_CI_O[1])
                                                      0.265     4.278 r  quotient_bcd_OBUF[11]_inst_i_178/O[1]
                         net (fo=1, routed)           0.601     4.879    C[9]
    SLICE_X4Y113         LUT2 (Prop_lut2_I1_O)        0.250     5.129 r  quotient_bcd_OBUF[4]_inst_i_118/O
                         net (fo=1, routed)           0.000     5.129    quotient_bcd_OBUF[4]_inst_i_118_n_0
    SLICE_X4Y113         CARRY4 (Prop_carry4_S[3]_CO[3])
                                                      0.332     5.461 r  quotient_bcd_OBUF[4]_inst_i_116/CO[3]
                         net (fo=1, routed)           0.000     5.461    quotient_bcd_OBUF[4]_inst_i_116_n_0
    SLICE_X4Y114         CARRY4 (Prop_carry4_CI_O[1])
                                                      0.265     5.726 r  quotient_bcd_OBUF[11]_inst_i_127/O[1]
                         net (fo=1, routed)           0.398     6.124    PCOUT[11]
    SLICE_X2Y114         CARRY4 (Prop_carry4_S[2]_CO[3])
                                                      0.566     6.690 r  quotient_bcd_OBUF[11]_inst_i_105/CO[3]
                         net (fo=1, routed)           0.000     6.690    quotient_bcd_OBUF[11]_inst_i_105_n_0
    SLICE_X2Y115         CARRY4 (Prop_carry4_CI_O[0])
                                                      0.178     6.868 r  quotient_bcd_OBUF[11]_inst_i_101/O[0]
                         net (fo=8, routed)           1.562     8.430    p_0_in
    SLICE_X8Y129         LUT6 (Prop_lut6_I3_O)        0.238     8.668 f  quotient_bcd_OBUF[11]_inst_i_53/O
                         net (fo=2, routed)           0.361     9.029    quotient_bcd_OBUF[11]_inst_i_53_n_0
    SLICE_X8Y129         LUT5 (Prop_lut5_I2_O)        0.125     9.154 r  quotient_bcd_OBUF[11]_inst_i_35/O
                         net (fo=17, routed)          1.176    10.330    quotient_bcd_OBUF[11]_inst_i_35_n_0
    SLICE_X0Y127         LUT4 (Prop_lut4_I1_O)        0.264    10.594 r  quotient_bcd_OBUF[11]_inst_i_134/O
                         net (fo=1, routed)           0.000    10.594    quotient_bcd_OBUF[11]_inst_i_134_n_0
    SLICE_X0Y127         CARRY4 (Prop_carry4_S[1]_O[1])
                                                      0.187    10.781 r  quotient_bcd_OBUF[11]_inst_i_103/O[1]
                         net (fo=1, routed)           0.403    11.184    quotient_bcd_OBUF[11]_inst_i_103_n_6
    SLICE_X1Y127         LUT4 (Prop_lut4_I2_O)        0.250    11.434 r  quotient_bcd_OBUF[11]_inst_i_104/O
                         net (fo=7, routed)           0.847    12.282    quotient_bcd_OBUF[11]_inst_i_104_n_0
    SLICE_X2Y127         LUT5 (Prop_lut5_I0_O)        0.105    12.387 r  quotient_bcd_OBUF[11]_inst_i_163/O
                         net (fo=1, routed)           0.000    12.387    quotient_bcd_OBUF[11]_inst_i_163_n_0
    SLICE_X2Y127         CARRY4 (Prop_carry4_S[2]_CO[3])
                                                      0.316    12.703 r  quotient_bcd_OBUF[11]_inst_i_122/CO[3]
                         net (fo=1, routed)           0.000    12.703    quotient_bcd_OBUF[11]_inst_i_122_n_0
    SLICE_X2Y128         CARRY4 (Prop_carry4_CI_O[0])
                                                      0.178    12.881 r  quotient_bcd_OBUF[11]_inst_i_118/O[0]
                         net (fo=4, routed)           0.700    13.581    quotient_bcd_OBUF[11]_inst_i_118_n_7
    SLICE_X4Y128         LUT4 (Prop_lut4_I2_O)        0.252    13.833 r  quotient_bcd_OBUF[11]_inst_i_120/O
                         net (fo=5, routed)           0.908    14.741    quotient_bcd_OBUF[11]_inst_i_120_n_0
    SLICE_X4Y127         LUT6 (Prop_lut6_I1_O)        0.275    15.016 r  quotient_bcd_OBUF[11]_inst_i_86/O
                         net (fo=1, routed)           0.398    15.413    quotient_bcd_OBUF[11]_inst_i_86_n_0
    SLICE_X5Y127         CARRY4 (Prop_carry4_DI[2]_CO[3])
                                                      0.329    15.742 r  quotient_bcd_OBUF[11]_inst_i_50/CO[3]
                         net (fo=33, routed)          1.373    17.116    quotient_bcd_OBUF[11]_inst_i_50_n_0
    SLICE_X4Y127         LUT6 (Prop_lut6_I5_O)        0.105    17.221 r  quotient_bcd_OBUF[11]_inst_i_114/O
                         net (fo=8, routed)           1.451    18.672    quotient_bcd_OBUF[11]_inst_i_114_n_0
    SLICE_X5Y125         LUT6 (Prop_lut6_I1_O)        0.105    18.777 r  quotient_bcd_OBUF[11]_inst_i_94/O
                         net (fo=1, routed)           0.394    19.171    quotient_bcd_OBUF[11]_inst_i_94_n_0
    SLICE_X4Y125         CARRY4 (Prop_carry4_DI[2]_CO[3])
                                                      0.329    19.500 r  quotient_bcd_OBUF[11]_inst_i_51/CO[3]
                         net (fo=30, routed)          0.602    20.102    quotient_bcd_OBUF[11]_inst_i_51_n_0
    SLICE_X7Y126         LUT5 (Prop_lut5_I1_O)        0.105    20.207 r  quotient_bcd_OBUF[11]_inst_i_111/O
                         net (fo=10, routed)          1.094    21.301    quotient_bcd_OBUF[11]_inst_i_111_n_0
    SLICE_X8Y126         LUT6 (Prop_lut6_I4_O)        0.105    21.406 r  quotient_bcd_OBUF[11]_inst_i_79/O
                         net (fo=1, routed)           0.429    21.835    quotient_bcd_OBUF[11]_inst_i_79_n_0
    SLICE_X9Y126         CARRY4 (Prop_carry4_DI[1]_CO[3])
                                                      0.418    22.253 r  quotient_bcd_OBUF[11]_inst_i_49/CO[3]
                         net (fo=28, routed)          1.098    23.351    quotient_bcd_OBUF[11]_inst_i_49_n_0
    SLICE_X9Y127         LUT5 (Prop_lut5_I1_O)        0.105    23.456 r  quotient_bcd_OBUF[8]_inst_i_47/O
                         net (fo=10, routed)          1.041    24.497    quotient_bcd_OBUF[8]_inst_i_47_n_0
    SLICE_X9Y129         LUT6 (Prop_lut6_I4_O)        0.105    24.602 r  quotient_bcd_OBUF[11]_inst_i_71/O
                         net (fo=1, routed)           0.408    25.010    quotient_bcd_OBUF[11]_inst_i_71_n_0
    SLICE_X9Y128         CARRY4 (Prop_carry4_DI[1]_CO[3])
                                                      0.418    25.428 r  quotient_bcd_OBUF[11]_inst_i_48/CO[3]
                         net (fo=28, routed)          1.442    26.870    quotient_bcd_OBUF[11]_inst_i_48_n_0
    SLICE_X7Y131         LUT5 (Prop_lut5_I1_O)        0.105    26.975 r  quotient_bcd_OBUF[8]_inst_i_38/O
                         net (fo=7, routed)           0.827    27.802    quotient_bcd_OBUF[8]_inst_i_38_n_0
    SLICE_X5Y129         LUT6 (Prop_lut6_I0_O)        0.105    27.907 r  quotient_bcd_OBUF[8]_inst_i_33/O
                         net (fo=1, routed)           0.000    27.907    quotient_bcd_OBUF[8]_inst_i_33_n_0
    SLICE_X5Y129         CARRY4 (Prop_carry4_S[2]_CO[3])
                                                      0.332    28.239 r  quotient_bcd_OBUF[8]_inst_i_19/CO[3]
                         net (fo=28, routed)          0.970    29.209    quotient_bcd_OBUF[8]_inst_i_19_n_0
    SLICE_X5Y128         LUT5 (Prop_lut5_I1_O)        0.105    29.314 r  quotient_bcd_OBUF[4]_inst_i_73/O
                         net (fo=10, routed)          1.045    30.358    quotient_bcd_OBUF[4]_inst_i_73_n_0
    SLICE_X5Y132         LUT6 (Prop_lut6_I4_O)        0.105    30.463 r  quotient_bcd_OBUF[8]_inst_i_22/O
                         net (fo=1, routed)           0.255    30.718    quotient_bcd_OBUF[8]_inst_i_22_n_0
    SLICE_X6Y132         CARRY4 (Prop_carry4_DI[1]_CO[3])
                                                      0.430    31.148 r  quotient_bcd_OBUF[8]_inst_i_18/CO[3]
                         net (fo=28, routed)          1.413    32.562    quotient_bcd_OBUF[8]_inst_i_18_n_0
    SLICE_X4Y129         LUT5 (Prop_lut5_I1_O)        0.105    32.667 r  quotient_bcd_OBUF[4]_inst_i_67/O
                         net (fo=10, routed)          0.951    33.618    quotient_bcd_OBUF[4]_inst_i_67_n_0
    SLICE_X3Y132         LUT6 (Prop_lut6_I4_O)        0.105    33.723 r  quotient_bcd_OBUF[4]_inst_i_45/O
                         net (fo=1, routed)           0.000    33.723    quotient_bcd_OBUF[4]_inst_i_45_n_0
    SLICE_X3Y132         CARRY4 (Prop_carry4_S[1]_CO[3])
                                                      0.457    34.180 r  quotient_bcd_OBUF[4]_inst_i_9/CO[3]
                         net (fo=30, routed)          1.303    35.483    quotient_bcd_OBUF[4]_inst_i_9_n_0
    SLICE_X5Y134         LUT5 (Prop_lut5_I1_O)        0.105    35.588 r  quotient_bcd_OBUF[4]_inst_i_50/O
                         net (fo=7, routed)           0.656    36.244    quotient_bcd_OBUF[4]_inst_i_50_n_0
    SLICE_X2Y133         LUT6 (Prop_lut6_I1_O)        0.105    36.349 r  quotient_bcd_OBUF[4]_inst_i_32/O
                         net (fo=1, routed)           0.414    36.764    quotient_bcd_OBUF[4]_inst_i_32_n_0
    SLICE_X2Y132         CARRY4 (Prop_carry4_DI[2]_CO[3])
                                                      0.334    37.097 r  quotient_bcd_OBUF[4]_inst_i_8/CO[3]
                         net (fo=29, routed)          1.342    38.439    quotient_bcd_OBUF[4]_inst_i_8_n_0
    SLICE_X3Y133         LUT5 (Prop_lut5_I1_O)        0.105    38.544 r  quotient_bcd_OBUF[4]_inst_i_56/O
                         net (fo=10, routed)          0.609    39.153    quotient_bcd_OBUF[4]_inst_i_56_n_0
    SLICE_X6Y135         LUT6 (Prop_lut6_I4_O)        0.105    39.258 r  quotient_bcd_OBUF[4]_inst_i_17/O
                         net (fo=1, routed)           0.255    39.513    quotient_bcd_OBUF[4]_inst_i_17_n_0
    SLICE_X5Y135         CARRY4 (Prop_carry4_DI[1]_CO[3])
                                                      0.418    39.931 r  quotient_bcd_OBUF[4]_inst_i_4/CO[3]
                         net (fo=31, routed)          0.811    40.742    quotient_bcd_OBUF[4]_inst_i_4_n_0
    SLICE_X4Y136         LUT5 (Prop_lut5_I1_O)        0.105    40.847 r  remainder_bcd_OBUF[7]_inst_i_5/O
                         net (fo=7, routed)           0.716    41.563    remainder_bcd_OBUF[7]_inst_i_5_n_0
    SLICE_X2Y136         LUT6 (Prop_lut6_I1_O)        0.105    41.668 r  quotient_bcd_OBUF[4]_inst_i_24/O
                         net (fo=1, routed)           0.510    42.178    quotient_bcd_OBUF[4]_inst_i_24_n_0
    SLICE_X2Y137         CARRY4 (Prop_carry4_DI[2]_CO[3])
                                                      0.334    42.512 r  quotient_bcd_OBUF[4]_inst_i_7/CO[3]
                         net (fo=27, routed)          0.973    43.485    quotient_bcd_OBUF[4]_inst_i_7_n_0
    SLICE_X4Y136         LUT5 (Prop_lut5_I4_O)        0.105    43.590 f  remainder_bcd_OBUF[7]_inst_i_8/O
                         net (fo=3, routed)           0.696    44.286    remainder_bcd_OBUF[7]_inst_i_8_n_0
    SLICE_X3Y136         LUT6 (Prop_lut6_I1_O)        0.105    44.391 r  quotient_bcd_OBUF[0]_inst_i_4/O
                         net (fo=1, routed)           0.623    45.014    quotient_bcd_OBUF[0]_inst_i_4_n_0
    SLICE_X3Y137         CARRY4 (Prop_carry4_DI[2]_CO[3])
                                                      0.329    45.343 r  quotient_bcd_OBUF[0]_inst_i_2/CO[3]
                         net (fo=8, routed)           1.295    46.639    remainder1
    SLICE_X4Y137         LUT4 (Prop_lut4_I1_O)        0.115    46.754 r  remainder_bcd_OBUF[7]_inst_i_3/O
                         net (fo=9, routed)           0.860    47.613    remainder_bcd_OBUF[7]_inst_i_3_n_0
    SLICE_X0Y138         LUT5 (Prop_lut5_I3_O)        0.267    47.880 r  remainder_bcd_OBUF[5]_inst_i_1/O
                         net (fo=1, routed)           1.407    49.287    remainder_bcd_OBUF[5]
    N17                  OBUF (Prop_obuf_I_O)         2.351    51.638 r  remainder_bcd_OBUF[5]_inst/O
                         net (fo=0)                   0.000    51.638    remainder_bcd[5]
    N17                                                               r  remainder_bcd[5] (OUT)
  -------------------------------------------------------------------    -------------------

Slack:                    inf
  Source:                 dividend_bcd[13]
                            (input port)
  Destination:            remainder_bcd[3]
                            (output port)
  Path Group:             (none)
  Path Type:              Max at Slow Process Corner
  Data Path Delay:        51.605ns  (logic 15.057ns (29.178%)  route 36.547ns (70.822%))
  Logic Levels:           55  (CARRY4=21 IBUF=1 LUT2=1 LUT4=5 LUT5=12 LUT6=14 OBUF=1)

    Location             Delay type                Incr(ns)  Path(ns)    Netlist Resource(s)
  -------------------------------------------------------------------    -------------------
    R21                                               0.000     0.000 r  dividend_bcd[13] (IN)
                         net (fo=0)                   0.000     0.000    dividend_bcd[13]
    R21                  IBUF (Prop_ibuf_I_O)         0.880     0.880 r  dividend_bcd_IBUF[13]_inst/O
                         net (fo=7, routed)           1.161     2.041    dividend_bcd_IBUF[13]
    SLICE_X1Y113         LUT4 (Prop_lut4_I2_O)        0.105     2.146 r  remainder_bcd_OBUF[4]_inst_i_30/O
                         net (fo=1, routed)           0.000     2.146    remainder_bcd_OBUF[4]_inst_i_30_n_0
    SLICE_X1Y113         CARRY4 (Prop_carry4_S[1]_O[2])
                                                      0.481     2.627 r  remainder_bcd_OBUF[4]_inst_i_21/O[2]
                         net (fo=2, routed)           0.801     3.428    remainder_bcd_OBUF[4]_inst_i_21_n_5
    SLICE_X0Y113         LUT5 (Prop_lut5_I4_O)        0.253     3.681 r  remainder_bcd_OBUF[4]_inst_i_22/O
                         net (fo=1, routed)           0.000     3.681    remainder_bcd_OBUF[4]_inst_i_22_n_0
    SLICE_X0Y113         CARRY4 (Prop_carry4_S[3]_CO[3])
                                                      0.332     4.013 r  remainder_bcd_OBUF[4]_inst_i_19/CO[3]
                         net (fo=1, routed)           0.000     4.013    remainder_bcd_OBUF[4]_inst_i_19_n_0
    SLICE_X0Y114         CARRY4 (Prop_carry4_CI_O[1])
                                                      0.265     4.278 r  quotient_bcd_OBUF[11]_inst_i_178/O[1]
                         net (fo=1, routed)           0.601     4.879    C[9]
    SLICE_X4Y113         LUT2 (Prop_lut2_I1_O)        0.250     5.129 r  quotient_bcd_OBUF[4]_inst_i_118/O
                         net (fo=1, routed)           0.000     5.129    quotient_bcd_OBUF[4]_inst_i_118_n_0
    SLICE_X4Y113         CARRY4 (Prop_carry4_S[3]_CO[3])
                                                      0.332     5.461 r  quotient_bcd_OBUF[4]_inst_i_116/CO[3]
                         net (fo=1, routed)           0.000     5.461    quotient_bcd_OBUF[4]_inst_i_116_n_0
    SLICE_X4Y114         CARRY4 (Prop_carry4_CI_O[1])
                                                      0.265     5.726 r  quotient_bcd_OBUF[11]_inst_i_127/O[1]
                         net (fo=1, routed)           0.398     6.124    PCOUT[11]
    SLICE_X2Y114         CARRY4 (Prop_carry4_S[2]_CO[3])
                                                      0.566     6.690 r  quotient_bcd_OBUF[11]_inst_i_105/CO[3]
                         net (fo=1, routed)           0.000     6.690    quotient_bcd_OBUF[11]_inst_i_105_n_0
    SLICE_X2Y115         CARRY4 (Prop_carry4_CI_O[0])
                                                      0.178     6.868 r  quotient_bcd_OBUF[11]_inst_i_101/O[0]
                         net (fo=8, routed)           1.562     8.430    p_0_in
    SLICE_X8Y129         LUT6 (Prop_lut6_I3_O)        0.238     8.668 f  quotient_bcd_OBUF[11]_inst_i_53/O
                         net (fo=2, routed)           0.361     9.029    quotient_bcd_OBUF[11]_inst_i_53_n_0
    SLICE_X8Y129         LUT5 (Prop_lut5_I2_O)        0.125     9.154 r  quotient_bcd_OBUF[11]_inst_i_35/O
                         net (fo=17, routed)          1.176    10.330    quotient_bcd_OBUF[11]_inst_i_35_n_0
    SLICE_X0Y127         LUT4 (Prop_lut4_I1_O)        0.264    10.594 r  quotient_bcd_OBUF[11]_inst_i_134/O
                         net (fo=1, routed)           0.000    10.594    quotient_bcd_OBUF[11]_inst_i_134_n_0
    SLICE_X0Y127         CARRY4 (Prop_carry4_S[1]_O[1])
                                                      0.187    10.781 r  quotient_bcd_OBUF[11]_inst_i_103/O[1]
                         net (fo=1, routed)           0.403    11.184    quotient_bcd_OBUF[11]_inst_i_103_n_6
    SLICE_X1Y127         LUT4 (Prop_lut4_I2_O)        0.250    11.434 r  quotient_bcd_OBUF[11]_inst_i_104/O
                         net (fo=7, routed)           0.847    12.282    quotient_bcd_OBUF[11]_inst_i_104_n_0
    SLICE_X2Y127         LUT5 (Prop_lut5_I0_O)        0.105    12.387 r  quotient_bcd_OBUF[11]_inst_i_163/O
                         net (fo=1, routed)           0.000    12.387    quotient_bcd_OBUF[11]_inst_i_163_n_0
    SLICE_X2Y127         CARRY4 (Prop_carry4_S[2]_CO[3])
                                                      0.316    12.703 r  quotient_bcd_OBUF[11]_inst_i_122/CO[3]
                         net (fo=1, routed)           0.000    12.703    quotient_bcd_OBUF[11]_inst_i_122_n_0
    SLICE_X2Y128         CARRY4 (Prop_carry4_CI_O[0])
                                                      0.178    12.881 r  quotient_bcd_OBUF[11]_inst_i_118/O[0]
                         net (fo=4, routed)           0.700    13.581    quotient_bcd_OBUF[11]_inst_i_118_n_7
    SLICE_X4Y128         LUT4 (Prop_lut4_I2_O)        0.252    13.833 r  quotient_bcd_OBUF[11]_inst_i_120/O
                         net (fo=5, routed)           0.908    14.741    quotient_bcd_OBUF[11]_inst_i_120_n_0
    SLICE_X4Y127         LUT6 (Prop_lut6_I1_O)        0.275    15.016 r  quotient_bcd_OBUF[11]_inst_i_86/O
                         net (fo=1, routed)           0.398    15.413    quotient_bcd_OBUF[11]_inst_i_86_n_0
    SLICE_X5Y127         CARRY4 (Prop_carry4_DI[2]_CO[3])
                                                      0.329    15.742 r  quotient_bcd_OBUF[11]_inst_i_50/CO[3]
                         net (fo=33, routed)          1.373    17.116    quotient_bcd_OBUF[11]_inst_i_50_n_0
    SLICE_X4Y127         LUT6 (Prop_lut6_I5_O)        0.105    17.221 r  quotient_bcd_OBUF[11]_inst_i_114/O
                         net (fo=8, routed)           1.451    18.672    quotient_bcd_OBUF[11]_inst_i_114_n_0
    SLICE_X5Y125         LUT6 (Prop_lut6_I1_O)        0.105    18.777 r  quotient_bcd_OBUF[11]_inst_i_94/O
                         net (fo=1, routed)           0.394    19.171    quotient_bcd_OBUF[11]_inst_i_94_n_0
    SLICE_X4Y125         CARRY4 (Prop_carry4_DI[2]_CO[3])
                                                      0.329    19.500 r  quotient_bcd_OBUF[11]_inst_i_51/CO[3]
                         net (fo=30, routed)          0.602    20.102    quotient_bcd_OBUF[11]_inst_i_51_n_0
    SLICE_X7Y126         LUT5 (Prop_lut5_I1_O)        0.105    20.207 r  quotient_bcd_OBUF[11]_inst_i_111/O
                         net (fo=10, routed)          1.094    21.301    quotient_bcd_OBUF[11]_inst_i_111_n_0
    SLICE_X8Y126         LUT6 (Prop_lut6_I4_O)        0.105    21.406 r  quotient_bcd_OBUF[11]_inst_i_79/O
                         net (fo=1, routed)           0.429    21.835    quotient_bcd_OBUF[11]_inst_i_79_n_0
    SLICE_X9Y126         CARRY4 (Prop_carry4_DI[1]_CO[3])
                                                      0.418    22.253 r  quotient_bcd_OBUF[11]_inst_i_49/CO[3]
                         net (fo=28, routed)          1.098    23.351    quotient_bcd_OBUF[11]_inst_i_49_n_0
    SLICE_X9Y127         LUT5 (Prop_lut5_I1_O)        0.105    23.456 r  quotient_bcd_OBUF[8]_inst_i_47/O
                         net (fo=10, routed)          1.041    24.497    quotient_bcd_OBUF[8]_inst_i_47_n_0
    SLICE_X9Y129         LUT6 (Prop_lut6_I4_O)        0.105    24.602 r  quotient_bcd_OBUF[11]_inst_i_71/O
                         net (fo=1, routed)           0.408    25.010    quotient_bcd_OBUF[11]_inst_i_71_n_0
    SLICE_X9Y128         CARRY4 (Prop_carry4_DI[1]_CO[3])
                                                      0.418    25.428 r  quotient_bcd_OBUF[11]_inst_i_48/CO[3]
                         net (fo=28, routed)          1.442    26.870    quotient_bcd_OBUF[11]_inst_i_48_n_0
    SLICE_X7Y131         LUT5 (Prop_lut5_I1_O)        0.105    26.975 r  quotient_bcd_OBUF[8]_inst_i_38/O
                         net (fo=7, routed)           0.827    27.802    quotient_bcd_OBUF[8]_inst_i_38_n_0
    SLICE_X5Y129         LUT6 (Prop_lut6_I0_O)        0.105    27.907 r  quotient_bcd_OBUF[8]_inst_i_33/O
                         net (fo=1, routed)           0.000    27.907    quotient_bcd_OBUF[8]_inst_i_33_n_0
    SLICE_X5Y129         CARRY4 (Prop_carry4_S[2]_CO[3])
                                                      0.332    28.239 r  quotient_bcd_OBUF[8]_inst_i_19/CO[3]
                         net (fo=28, routed)          0.970    29.209    quotient_bcd_OBUF[8]_inst_i_19_n_0
    SLICE_X5Y128         LUT5 (Prop_lut5_I1_O)        0.105    29.314 r  quotient_bcd_OBUF[4]_inst_i_73/O
                         net (fo=10, routed)          1.045    30.358    quotient_bcd_OBUF[4]_inst_i_73_n_0
    SLICE_X5Y132         LUT6 (Prop_lut6_I4_O)        0.105    30.463 r  quotient_bcd_OBUF[8]_inst_i_22/O
                         net (fo=1, routed)           0.255    30.718    quotient_bcd_OBUF[8]_inst_i_22_n_0
    SLICE_X6Y132         CARRY4 (Prop_carry4_DI[1]_CO[3])
                                                      0.430    31.148 r  quotient_bcd_OBUF[8]_inst_i_18/CO[3]
                         net (fo=28, routed)          1.413    32.562    quotient_bcd_OBUF[8]_inst_i_18_n_0
    SLICE_X4Y129         LUT5 (Prop_lut5_I1_O)        0.105    32.667 r  quotient_bcd_OBUF[4]_inst_i_67/O
                         net (fo=10, routed)          0.951    33.618    quotient_bcd_OBUF[4]_inst_i_67_n_0
    SLICE_X3Y132         LUT6 (Prop_lut6_I4_O)        0.105    33.723 r  quotient_bcd_OBUF[4]_inst_i_45/O
                         net (fo=1, routed)           0.000    33.723    quotient_bcd_OBUF[4]_inst_i_45_n_0
    SLICE_X3Y132         CARRY4 (Prop_carry4_S[1]_CO[3])
                                                      0.457    34.180 r  quotient_bcd_OBUF[4]_inst_i_9/CO[3]
                         net (fo=30, routed)          1.303    35.483    quotient_bcd_OBUF[4]_inst_i_9_n_0
    SLICE_X5Y134         LUT5 (Prop_lut5_I1_O)        0.105    35.588 r  quotient_bcd_OBUF[4]_inst_i_50/O
                         net (fo=7, routed)           0.656    36.244    quotient_bcd_OBUF[4]_inst_i_50_n_0
    SLICE_X2Y133         LUT6 (Prop_lut6_I1_O)        0.105    36.349 r  quotient_bcd_OBUF[4]_inst_i_32/O
                         net (fo=1, routed)           0.414    36.764    quotient_bcd_OBUF[4]_inst_i_32_n_0
    SLICE_X2Y132         CARRY4 (Prop_carry4_DI[2]_CO[3])
                                                      0.334    37.097 r  quotient_bcd_OBUF[4]_inst_i_8/CO[3]
                         net (fo=29, routed)          1.342    38.439    quotient_bcd_OBUF[4]_inst_i_8_n_0
    SLICE_X3Y133         LUT5 (Prop_lut5_I1_O)        0.105    38.544 r  quotient_bcd_OBUF[4]_inst_i_56/O
                         net (fo=10, routed)          0.609    39.153    quotient_bcd_OBUF[4]_inst_i_56_n_0
    SLICE_X6Y135         LUT6 (Prop_lut6_I4_O)        0.105    39.258 r  quotient_bcd_OBUF[4]_inst_i_17/O
                         net (fo=1, routed)           0.255    39.513    quotient_bcd_OBUF[4]_inst_i_17_n_0
    SLICE_X5Y135         CARRY4 (Prop_carry4_DI[1]_CO[3])
                                                      0.418    39.931 r  quotient_bcd_OBUF[4]_inst_i_4/CO[3]
                         net (fo=31, routed)          0.811    40.742    quotient_bcd_OBUF[4]_inst_i_4_n_0
    SLICE_X4Y136         LUT5 (Prop_lut5_I1_O)        0.105    40.847 r  remainder_bcd_OBUF[7]_inst_i_5/O
                         net (fo=7, routed)           0.716    41.563    remainder_bcd_OBUF[7]_inst_i_5_n_0
    SLICE_X2Y136         LUT6 (Prop_lut6_I1_O)        0.105    41.668 r  quotient_bcd_OBUF[4]_inst_i_24/O
                         net (fo=1, routed)           0.510    42.178    quotient_bcd_OBUF[4]_inst_i_24_n_0
    SLICE_X2Y137         CARRY4 (Prop_carry4_DI[2]_CO[3])
                                                      0.334    42.512 r  quotient_bcd_OBUF[4]_inst_i_7/CO[3]
                         net (fo=27, routed)          0.973    43.485    quotient_bcd_OBUF[4]_inst_i_7_n_0
    SLICE_X4Y136         LUT5 (Prop_lut5_I4_O)        0.105    43.590 f  remainder_bcd_OBUF[7]_inst_i_8/O
                         net (fo=3, routed)           0.696    44.286    remainder_bcd_OBUF[7]_inst_i_8_n_0
    SLICE_X3Y136         LUT6 (Prop_lut6_I1_O)        0.105    44.391 r  quotient_bcd_OBUF[0]_inst_i_4/O
                         net (fo=1, routed)           0.623    45.014    quotient_bcd_OBUF[0]_inst_i_4_n_0
    SLICE_X3Y137         CARRY4 (Prop_carry4_DI[2]_CO[3])
                                                      0.329    45.343 r  quotient_bcd_OBUF[0]_inst_i_2/CO[3]
                         net (fo=8, routed)           1.295    46.639    remainder1
    SLICE_X4Y137         LUT4 (Prop_lut4_I1_O)        0.115    46.754 r  remainder_bcd_OBUF[7]_inst_i_3/O
                         net (fo=9, routed)           0.852    47.606    remainder_bcd_OBUF[7]_inst_i_3_n_0
    SLICE_X0Y138         LUT6 (Prop_lut6_I4_O)        0.267    47.873 r  remainder_bcd_OBUF[3]_inst_i_1/O
                         net (fo=1, routed)           1.381    49.254    remainder_bcd_OBUF[3]
    R17                  OBUF (Prop_obuf_I_O)         2.351    51.605 r  remainder_bcd_OBUF[3]_inst/O
                         net (fo=0)                   0.000    51.605    remainder_bcd[3]
    R17                                                               r  remainder_bcd[3] (OUT)
  -------------------------------------------------------------------    -------------------

Slack:                    inf
  Source:                 dividend_bcd[13]
                            (input port)
  Destination:            remainder_bcd[4]
                            (output port)
  Path Group:             (none)
  Path Type:              Max at Slow Process Corner
  Data Path Delay:        51.562ns  (logic 15.068ns (29.223%)  route 36.494ns (70.777%))
  Logic Levels:           55  (CARRY4=21 IBUF=1 LUT2=1 LUT4=5 LUT5=12 LUT6=14 OBUF=1)

    Location             Delay type                Incr(ns)  Path(ns)    Netlist Resource(s)
  -------------------------------------------------------------------    -------------------
    R21                                               0.000     0.000 r  dividend_bcd[13] (IN)
                         net (fo=0)                   0.000     0.000    dividend_bcd[13]
    R21                  IBUF (Prop_ibuf_I_O)         0.880     0.880 r  dividend_bcd_IBUF[13]_inst/O
                         net (fo=7, routed)           1.161     2.041    dividend_bcd_IBUF[13]
    SLICE_X1Y113         LUT4 (Prop_lut4_I2_O)        0.105     2.146 r  remainder_bcd_OBUF[4]_inst_i_30/O
                         net (fo=1, routed)           0.000     2.146    remainder_bcd_OBUF[4]_inst_i_30_n_0
    SLICE_X1Y113         CARRY4 (Prop_carry4_S[1]_O[2])
                                                      0.481     2.627 r  remainder_bcd_OBUF[4]_inst_i_21/O[2]
                         net (fo=2, routed)           0.801     3.428    remainder_bcd_OBUF[4]_inst_i_21_n_5
    SLICE_X0Y113         LUT5 (Prop_lut5_I4_O)        0.253     3.681 r  remainder_bcd_OBUF[4]_inst_i_22/O
                         net (fo=1, routed)           0.000     3.681    remainder_bcd_OBUF[4]_inst_i_22_n_0
    SLICE_X0Y113         CARRY4 (Prop_carry4_S[3]_CO[3])
                                                      0.332     4.013 r  remainder_bcd_OBUF[4]_inst_i_19/CO[3]
                         net (fo=1, routed)           0.000     4.013    remainder_bcd_OBUF[4]_inst_i_19_n_0
    SLICE_X0Y114         CARRY4 (Prop_carry4_CI_O[1])
                                                      0.265     4.278 r  quotient_bcd_OBUF[11]_inst_i_178/O[1]
                         net (fo=1, routed)           0.601     4.879    C[9]
    SLICE_X4Y113         LUT2 (Prop_lut2_I1_O)        0.250     5.129 r  quotient_bcd_OBUF[4]_inst_i_118/O
                         net (fo=1, routed)           0.000     5.129    quotient_bcd_OBUF[4]_inst_i_118_n_0
    SLICE_X4Y113         CARRY4 (Prop_carry4_S[3]_CO[3])
                                                      0.332     5.461 r  quotient_bcd_OBUF[4]_inst_i_116/CO[3]
                         net (fo=1, routed)           0.000     5.461    quotient_bcd_OBUF[4]_inst_i_116_n_0
    SLICE_X4Y114         CARRY4 (Prop_carry4_CI_O[1])
                                                      0.265     5.726 r  quotient_bcd_OBUF[11]_inst_i_127/O[1]
                         net (fo=1, routed)           0.398     6.124    PCOUT[11]
    SLICE_X2Y114         CARRY4 (Prop_carry4_S[2]_CO[3])
                                                      0.566     6.690 r  quotient_bcd_OBUF[11]_inst_i_105/CO[3]
                         net (fo=1, routed)           0.000     6.690    quotient_bcd_OBUF[11]_inst_i_105_n_0
    SLICE_X2Y115         CARRY4 (Prop_carry4_CI_O[0])
                                                      0.178     6.868 r  quotient_bcd_OBUF[11]_inst_i_101/O[0]
                         net (fo=8, routed)           1.562     8.430    p_0_in
    SLICE_X8Y129         LUT6 (Prop_lut6_I3_O)        0.238     8.668 f  quotient_bcd_OBUF[11]_inst_i_53/O
                         net (fo=2, routed)           0.361     9.029    quotient_bcd_OBUF[11]_inst_i_53_n_0
    SLICE_X8Y129         LUT5 (Prop_lut5_I2_O)        0.125     9.154 r  quotient_bcd_OBUF[11]_inst_i_35/O
                         net (fo=17, routed)          1.176    10.330    quotient_bcd_OBUF[11]_inst_i_35_n_0
    SLICE_X0Y127         LUT4 (Prop_lut4_I1_O)        0.264    10.594 r  quotient_bcd_OBUF[11]_inst_i_134/O
                         net (fo=1, routed)           0.000    10.594    quotient_bcd_OBUF[11]_inst_i_134_n_0
    SLICE_X0Y127         CARRY4 (Prop_carry4_S[1]_O[1])
                                                      0.187    10.781 r  quotient_bcd_OBUF[11]_inst_i_103/O[1]
                         net (fo=1, routed)           0.403    11.184    quotient_bcd_OBUF[11]_inst_i_103_n_6
    SLICE_X1Y127         LUT4 (Prop_lut4_I2_O)        0.250    11.434 r  quotient_bcd_OBUF[11]_inst_i_104/O
                         net (fo=7, routed)           0.847    12.282    quotient_bcd_OBUF[11]_inst_i_104_n_0
    SLICE_X2Y127         LUT5 (Prop_lut5_I0_O)        0.105    12.387 r  quotient_bcd_OBUF[11]_inst_i_163/O
                         net (fo=1, routed)           0.000    12.387    quotient_bcd_OBUF[11]_inst_i_163_n_0
    SLICE_X2Y127         CARRY4 (Prop_carry4_S[2]_CO[3])
                                                      0.316    12.703 r  quotient_bcd_OBUF[11]_inst_i_122/CO[3]
                         net (fo=1, routed)           0.000    12.703    quotient_bcd_OBUF[11]_inst_i_122_n_0
    SLICE_X2Y128         CARRY4 (Prop_carry4_CI_O[0])
                                                      0.178    12.881 r  quotient_bcd_OBUF[11]_inst_i_118/O[0]
                         net (fo=4, routed)           0.700    13.581    quotient_bcd_OBUF[11]_inst_i_118_n_7
    SLICE_X4Y128         LUT4 (Prop_lut4_I2_O)        0.252    13.833 r  quotient_bcd_OBUF[11]_inst_i_120/O
                         net (fo=5, routed)           0.908    14.741    quotient_bcd_OBUF[11]_inst_i_120_n_0
    SLICE_X4Y127         LUT6 (Prop_lut6_I1_O)        0.275    15.016 r  quotient_bcd_OBUF[11]_inst_i_86/O
                         net (fo=1, routed)           0.398    15.413    quotient_bcd_OBUF[11]_inst_i_86_n_0
    SLICE_X5Y127         CARRY4 (Prop_carry4_DI[2]_CO[3])
                                                      0.329    15.742 r  quotient_bcd_OBUF[11]_inst_i_50/CO[3]
                         net (fo=33, routed)          1.373    17.116    quotient_bcd_OBUF[11]_inst_i_50_n_0
    SLICE_X4Y127         LUT6 (Prop_lut6_I5_O)        0.105    17.221 r  quotient_bcd_OBUF[11]_inst_i_114/O
                         net (fo=8, routed)           1.451    18.672    quotient_bcd_OBUF[11]_inst_i_114_n_0
    SLICE_X5Y125         LUT6 (Prop_lut6_I1_O)        0.105    18.777 r  quotient_bcd_OBUF[11]_inst_i_94/O
                         net (fo=1, routed)           0.394    19.171    quotient_bcd_OBUF[11]_inst_i_94_n_0
    SLICE_X4Y125         CARRY4 (Prop_carry4_DI[2]_CO[3])
                                                      0.329    19.500 r  quotient_bcd_OBUF[11]_inst_i_51/CO[3]
                         net (fo=30, routed)          0.602    20.102    quotient_bcd_OBUF[11]_inst_i_51_n_0
    SLICE_X7Y126         LUT5 (Prop_lut5_I1_O)        0.105    20.207 r  quotient_bcd_OBUF[11]_inst_i_111/O
                         net (fo=10, routed)          1.094    21.301    quotient_bcd_OBUF[11]_inst_i_111_n_0
    SLICE_X8Y126         LUT6 (Prop_lut6_I4_O)        0.105    21.406 r  quotient_bcd_OBUF[11]_inst_i_79/O
                         net (fo=1, routed)           0.429    21.835    quotient_bcd_OBUF[11]_inst_i_79_n_0
    SLICE_X9Y126         CARRY4 (Prop_carry4_DI[1]_CO[3])
                                                      0.418    22.253 r  quotient_bcd_OBUF[11]_inst_i_49/CO[3]
                         net (fo=28, routed)          1.098    23.351    quotient_bcd_OBUF[11]_inst_i_49_n_0
    SLICE_X9Y127         LUT5 (Prop_lut5_I1_O)        0.105    23.456 r  quotient_bcd_OBUF[8]_inst_i_47/O
                         net (fo=10, routed)          1.041    24.497    quotient_bcd_OBUF[8]_inst_i_47_n_0
    SLICE_X9Y129         LUT6 (Prop_lut6_I4_O)        0.105    24.602 r  quotient_bcd_OBUF[11]_inst_i_71/O
                         net (fo=1, routed)           0.408    25.010    quotient_bcd_OBUF[11]_inst_i_71_n_0
    SLICE_X9Y128         CARRY4 (Prop_carry4_DI[1]_CO[3])
                                                      0.418    25.428 r  quotient_bcd_OBUF[11]_inst_i_48/CO[3]
                         net (fo=28, routed)          1.442    26.870    quotient_bcd_OBUF[11]_inst_i_48_n_0
    SLICE_X7Y131         LUT5 (Prop_lut5_I1_O)        0.105    26.975 r  quotient_bcd_OBUF[8]_inst_i_38/O
                         net (fo=7, routed)           0.827    27.802    quotient_bcd_OBUF[8]_inst_i_38_n_0
    SLICE_X5Y129         LUT6 (Prop_lut6_I0_O)        0.105    27.907 r  quotient_bcd_OBUF[8]_inst_i_33/O
                         net (fo=1, routed)           0.000    27.907    quotient_bcd_OBUF[8]_inst_i_33_n_0
    SLICE_X5Y129         CARRY4 (Prop_carry4_S[2]_CO[3])
                                                      0.332    28.239 r  quotient_bcd_OBUF[8]_inst_i_19/CO[3]
                         net (fo=28, routed)          0.970    29.209    quotient_bcd_OBUF[8]_inst_i_19_n_0
    SLICE_X5Y128         LUT5 (Prop_lut5_I1_O)        0.105    29.314 r  quotient_bcd_OBUF[4]_inst_i_73/O
                         net (fo=10, routed)          1.045    30.358    quotient_bcd_OBUF[4]_inst_i_73_n_0
    SLICE_X5Y132         LUT6 (Prop_lut6_I4_O)        0.105    30.463 r  quotient_bcd_OBUF[8]_inst_i_22/O
                         net (fo=1, routed)           0.255    30.718    quotient_bcd_OBUF[8]_inst_i_22_n_0
    SLICE_X6Y132         CARRY4 (Prop_carry4_DI[1]_CO[3])
                                                      0.430    31.148 r  quotient_bcd_OBUF[8]_inst_i_18/CO[3]
                         net (fo=28, routed)          1.413    32.562    quotient_bcd_OBUF[8]_inst_i_18_n_0
    SLICE_X4Y129         LUT5 (Prop_lut5_I1_O)        0.105    32.667 r  quotient_bcd_OBUF[4]_inst_i_67/O
                         net (fo=10, routed)          0.951    33.618    quotient_bcd_OBUF[4]_inst_i_67_n_0
    SLICE_X3Y132         LUT6 (Prop_lut6_I4_O)        0.105    33.723 r  quotient_bcd_OBUF[4]_inst_i_45/O
                         net (fo=1, routed)           0.000    33.723    quotient_bcd_OBUF[4]_inst_i_45_n_0
    SLICE_X3Y132         CARRY4 (Prop_carry4_S[1]_CO[3])
                                                      0.457    34.180 r  quotient_bcd_OBUF[4]_inst_i_9/CO[3]
                         net (fo=30, routed)          1.303    35.483    quotient_bcd_OBUF[4]_inst_i_9_n_0
    SLICE_X5Y134         LUT5 (Prop_lut5_I1_O)        0.105    35.588 r  quotient_bcd_OBUF[4]_inst_i_50/O
                         net (fo=7, routed)           0.656    36.244    quotient_bcd_OBUF[4]_inst_i_50_n_0
    SLICE_X2Y133         LUT6 (Prop_lut6_I1_O)        0.105    36.349 r  quotient_bcd_OBUF[4]_inst_i_32/O
                         net (fo=1, routed)           0.414    36.764    quotient_bcd_OBUF[4]_inst_i_32_n_0
    SLICE_X2Y132         CARRY4 (Prop_carry4_DI[2]_CO[3])
                                                      0.334    37.097 r  quotient_bcd_OBUF[4]_inst_i_8/CO[3]
                         net (fo=29, routed)          1.342    38.439    quotient_bcd_OBUF[4]_inst_i_8_n_0
    SLICE_X3Y133         LUT5 (Prop_lut5_I1_O)        0.105    38.544 r  quotient_bcd_OBUF[4]_inst_i_56/O
                         net (fo=10, routed)          0.609    39.153    quotient_bcd_OBUF[4]_inst_i_56_n_0
    SLICE_X6Y135         LUT6 (Prop_lut6_I4_O)        0.105    39.258 r  quotient_bcd_OBUF[4]_inst_i_17/O
                         net (fo=1, routed)           0.255    39.513    quotient_bcd_OBUF[4]_inst_i_17_n_0
    SLICE_X5Y135         CARRY4 (Prop_carry4_DI[1]_CO[3])
                                                      0.418    39.931 r  quotient_bcd_OBUF[4]_inst_i_4/CO[3]
                         net (fo=31, routed)          0.811    40.742    quotient_bcd_OBUF[4]_inst_i_4_n_0
    SLICE_X4Y136         LUT5 (Prop_lut5_I1_O)        0.105    40.847 r  remainder_bcd_OBUF[7]_inst_i_5/O
                         net (fo=7, routed)           0.716    41.563    remainder_bcd_OBUF[7]_inst_i_5_n_0
    SLICE_X2Y136         LUT6 (Prop_lut6_I1_O)        0.105    41.668 r  quotient_bcd_OBUF[4]_inst_i_24/O
                         net (fo=1, routed)           0.510    42.178    quotient_bcd_OBUF[4]_inst_i_24_n_0
    SLICE_X2Y137         CARRY4 (Prop_carry4_DI[2]_CO[3])
                                                      0.334    42.512 r  quotient_bcd_OBUF[4]_inst_i_7/CO[3]
                         net (fo=27, routed)          0.973    43.485    quotient_bcd_OBUF[4]_inst_i_7_n_0
    SLICE_X4Y136         LUT5 (Prop_lut5_I4_O)        0.105    43.590 f  remainder_bcd_OBUF[7]_inst_i_8/O
                         net (fo=3, routed)           0.696    44.286    remainder_bcd_OBUF[7]_inst_i_8_n_0
    SLICE_X3Y136         LUT6 (Prop_lut6_I1_O)        0.105    44.391 r  quotient_bcd_OBUF[0]_inst_i_4/O
                         net (fo=1, routed)           0.623    45.014    quotient_bcd_OBUF[0]_inst_i_4_n_0
    SLICE_X3Y137         CARRY4 (Prop_carry4_DI[2]_CO[3])
                                                      0.329    45.343 r  quotient_bcd_OBUF[0]_inst_i_2/CO[3]
                         net (fo=8, routed)           1.295    46.639    remainder1
    SLICE_X4Y137         LUT4 (Prop_lut4_I1_O)        0.115    46.754 r  remainder_bcd_OBUF[7]_inst_i_3/O
                         net (fo=9, routed)           0.706    47.459    remainder_bcd_OBUF[7]_inst_i_3_n_0
    SLICE_X0Y138         LUT6 (Prop_lut6_I4_O)        0.267    47.726 r  remainder_bcd_OBUF[4]_inst_i_1/O
                         net (fo=1, routed)           1.474    49.201    remainder_bcd_OBUF[4]
    R16                  OBUF (Prop_obuf_I_O)         2.361    51.562 r  remainder_bcd_OBUF[4]_inst/O
                         net (fo=0)                   0.000    51.562    remainder_bcd[4]
    R16                                                               r  remainder_bcd[4] (OUT)
  -------------------------------------------------------------------    -------------------

Slack:                    inf
  Source:                 dividend_bcd[13]
                            (input port)
  Destination:            remainder_bcd[2]
                            (output port)
  Path Group:             (none)
  Path Type:              Max at Slow Process Corner
  Data Path Delay:        51.384ns  (logic 15.060ns (29.309%)  route 36.324ns (70.691%))
  Logic Levels:           55  (CARRY4=21 IBUF=1 LUT2=1 LUT4=5 LUT5=12 LUT6=14 OBUF=1)

    Location             Delay type                Incr(ns)  Path(ns)    Netlist Resource(s)
  -------------------------------------------------------------------    -------------------
    R21                                               0.000     0.000 r  dividend_bcd[13] (IN)
                         net (fo=0)                   0.000     0.000    dividend_bcd[13]
    R21                  IBUF (Prop_ibuf_I_O)         0.880     0.880 r  dividend_bcd_IBUF[13]_inst/O
                         net (fo=7, routed)           1.161     2.041    dividend_bcd_IBUF[13]
    SLICE_X1Y113         LUT4 (Prop_lut4_I2_O)        0.105     2.146 r  remainder_bcd_OBUF[4]_inst_i_30/O
                         net (fo=1, routed)           0.000     2.146    remainder_bcd_OBUF[4]_inst_i_30_n_0
    SLICE_X1Y113         CARRY4 (Prop_carry4_S[1]_O[2])
                                                      0.481     2.627 r  remainder_bcd_OBUF[4]_inst_i_21/O[2]
                         net (fo=2, routed)           0.801     3.428    remainder_bcd_OBUF[4]_inst_i_21_n_5
    SLICE_X0Y113         LUT5 (Prop_lut5_I4_O)        0.253     3.681 r  remainder_bcd_OBUF[4]_inst_i_22/O
                         net (fo=1, routed)           0.000     3.681    remainder_bcd_OBUF[4]_inst_i_22_n_0
    SLICE_X0Y113         CARRY4 (Prop_carry4_S[3]_CO[3])
                                                      0.332     4.013 r  remainder_bcd_OBUF[4]_inst_i_19/CO[3]
                         net (fo=1, routed)           0.000     4.013    remainder_bcd_OBUF[4]_inst_i_19_n_0
    SLICE_X0Y114         CARRY4 (Prop_carry4_CI_O[1])
                                                      0.265     4.278 r  quotient_bcd_OBUF[11]_inst_i_178/O[1]
                         net (fo=1, routed)           0.601     4.879    C[9]
    SLICE_X4Y113         LUT2 (Prop_lut2_I1_O)        0.250     5.129 r  quotient_bcd_OBUF[4]_inst_i_118/O
                         net (fo=1, routed)           0.000     5.129    quotient_bcd_OBUF[4]_inst_i_118_n_0
    SLICE_X4Y113         CARRY4 (Prop_carry4_S[3]_CO[3])
                                                      0.332     5.461 r  quotient_bcd_OBUF[4]_inst_i_116/CO[3]
                         net (fo=1, routed)           0.000     5.461    quotient_bcd_OBUF[4]_inst_i_116_n_0
    SLICE_X4Y114         CARRY4 (Prop_carry4_CI_O[1])
                                                      0.265     5.726 r  quotient_bcd_OBUF[11]_inst_i_127/O[1]
                         net (fo=1, routed)           0.398     6.124    PCOUT[11]
    SLICE_X2Y114         CARRY4 (Prop_carry4_S[2]_CO[3])
                                                      0.566     6.690 r  quotient_bcd_OBUF[11]_inst_i_105/CO[3]
                         net (fo=1, routed)           0.000     6.690    quotient_bcd_OBUF[11]_inst_i_105_n_0
    SLICE_X2Y115         CARRY4 (Prop_carry4_CI_O[0])
                                                      0.178     6.868 r  quotient_bcd_OBUF[11]_inst_i_101/O[0]
                         net (fo=8, routed)           1.562     8.430    p_0_in
    SLICE_X8Y129         LUT6 (Prop_lut6_I3_O)        0.238     8.668 f  quotient_bcd_OBUF[11]_inst_i_53/O
                         net (fo=2, routed)           0.361     9.029    quotient_bcd_OBUF[11]_inst_i_53_n_0
    SLICE_X8Y129         LUT5 (Prop_lut5_I2_O)        0.125     9.154 r  quotient_bcd_OBUF[11]_inst_i_35/O
                         net (fo=17, routed)          1.176    10.330    quotient_bcd_OBUF[11]_inst_i_35_n_0
    SLICE_X0Y127         LUT4 (Prop_lut4_I1_O)        0.264    10.594 r  quotient_bcd_OBUF[11]_inst_i_134/O
                         net (fo=1, routed)           0.000    10.594    quotient_bcd_OBUF[11]_inst_i_134_n_0
    SLICE_X0Y127         CARRY4 (Prop_carry4_S[1]_O[1])
                                                      0.187    10.781 r  quotient_bcd_OBUF[11]_inst_i_103/O[1]
                         net (fo=1, routed)           0.403    11.184    quotient_bcd_OBUF[11]_inst_i_103_n_6
    SLICE_X1Y127         LUT4 (Prop_lut4_I2_O)        0.250    11.434 r  quotient_bcd_OBUF[11]_inst_i_104/O
                         net (fo=7, routed)           0.847    12.282    quotient_bcd_OBUF[11]_inst_i_104_n_0
    SLICE_X2Y127         LUT5 (Prop_lut5_I0_O)        0.105    12.387 r  quotient_bcd_OBUF[11]_inst_i_163/O
                         net (fo=1, routed)           0.000    12.387    quotient_bcd_OBUF[11]_inst_i_163_n_0
    SLICE_X2Y127         CARRY4 (Prop_carry4_S[2]_CO[3])
                                                      0.316    12.703 r  quotient_bcd_OBUF[11]_inst_i_122/CO[3]
                         net (fo=1, routed)           0.000    12.703    quotient_bcd_OBUF[11]_inst_i_122_n_0
    SLICE_X2Y128         CARRY4 (Prop_carry4_CI_O[0])
                                                      0.178    12.881 r  quotient_bcd_OBUF[11]_inst_i_118/O[0]
                         net (fo=4, routed)           0.700    13.581    quotient_bcd_OBUF[11]_inst_i_118_n_7
    SLICE_X4Y128         LUT4 (Prop_lut4_I2_O)        0.252    13.833 r  quotient_bcd_OBUF[11]_inst_i_120/O
                         net (fo=5, routed)           0.908    14.741    quotient_bcd_OBUF[11]_inst_i_120_n_0
    SLICE_X4Y127         LUT6 (Prop_lut6_I1_O)        0.275    15.016 r  quotient_bcd_OBUF[11]_inst_i_86/O
                         net (fo=1, routed)           0.398    15.413    quotient_bcd_OBUF[11]_inst_i_86_n_0
    SLICE_X5Y127         CARRY4 (Prop_carry4_DI[2]_CO[3])
                                                      0.329    15.742 r  quotient_bcd_OBUF[11]_inst_i_50/CO[3]
                         net (fo=33, routed)          1.373    17.116    quotient_bcd_OBUF[11]_inst_i_50_n_0
    SLICE_X4Y127         LUT6 (Prop_lut6_I5_O)        0.105    17.221 r  quotient_bcd_OBUF[11]_inst_i_114/O
                         net (fo=8, routed)           1.451    18.672    quotient_bcd_OBUF[11]_inst_i_114_n_0
    SLICE_X5Y125         LUT6 (Prop_lut6_I1_O)        0.105    18.777 r  quotient_bcd_OBUF[11]_inst_i_94/O
                         net (fo=1, routed)           0.394    19.171    quotient_bcd_OBUF[11]_inst_i_94_n_0
    SLICE_X4Y125         CARRY4 (Prop_carry4_DI[2]_CO[3])
                                                      0.329    19.500 r  quotient_bcd_OBUF[11]_inst_i_51/CO[3]
                         net (fo=30, routed)          0.602    20.102    quotient_bcd_OBUF[11]_inst_i_51_n_0
    SLICE_X7Y126         LUT5 (Prop_lut5_I1_O)        0.105    20.207 r  quotient_bcd_OBUF[11]_inst_i_111/O
                         net (fo=10, routed)          1.094    21.301    quotient_bcd_OBUF[11]_inst_i_111_n_0
    SLICE_X8Y126         LUT6 (Prop_lut6_I4_O)        0.105    21.406 r  quotient_bcd_OBUF[11]_inst_i_79/O
                         net (fo=1, routed)           0.429    21.835    quotient_bcd_OBUF[11]_inst_i_79_n_0
    SLICE_X9Y126         CARRY4 (Prop_carry4_DI[1]_CO[3])
                                                      0.418    22.253 r  quotient_bcd_OBUF[11]_inst_i_49/CO[3]
                         net (fo=28, routed)          1.098    23.351    quotient_bcd_OBUF[11]_inst_i_49_n_0
    SLICE_X9Y127         LUT5 (Prop_lut5_I1_O)        0.105    23.456 r  quotient_bcd_OBUF[8]_inst_i_47/O
                         net (fo=10, routed)          1.041    24.497    quotient_bcd_OBUF[8]_inst_i_47_n_0
    SLICE_X9Y129         LUT6 (Prop_lut6_I4_O)        0.105    24.602 r  quotient_bcd_OBUF[11]_inst_i_71/O
                         net (fo=1, routed)           0.408    25.010    quotient_bcd_OBUF[11]_inst_i_71_n_0
    SLICE_X9Y128         CARRY4 (Prop_carry4_DI[1]_CO[3])
                                                      0.418    25.428 r  quotient_bcd_OBUF[11]_inst_i_48/CO[3]
                         net (fo=28, routed)          1.442    26.870    quotient_bcd_OBUF[11]_inst_i_48_n_0
    SLICE_X7Y131         LUT5 (Prop_lut5_I1_O)        0.105    26.975 r  quotient_bcd_OBUF[8]_inst_i_38/O
                         net (fo=7, routed)           0.827    27.802    quotient_bcd_OBUF[8]_inst_i_38_n_0
    SLICE_X5Y129         LUT6 (Prop_lut6_I0_O)        0.105    27.907 r  quotient_bcd_OBUF[8]_inst_i_33/O
                         net (fo=1, routed)           0.000    27.907    quotient_bcd_OBUF[8]_inst_i_33_n_0
    SLICE_X5Y129         CARRY4 (Prop_carry4_S[2]_CO[3])
                                                      0.332    28.239 r  quotient_bcd_OBUF[8]_inst_i_19/CO[3]
                         net (fo=28, routed)          0.970    29.209    quotient_bcd_OBUF[8]_inst_i_19_n_0
    SLICE_X5Y128         LUT5 (Prop_lut5_I1_O)        0.105    29.314 r  quotient_bcd_OBUF[4]_inst_i_73/O
                         net (fo=10, routed)          1.045    30.358    quotient_bcd_OBUF[4]_inst_i_73_n_0
    SLICE_X5Y132         LUT6 (Prop_lut6_I4_O)        0.105    30.463 r  quotient_bcd_OBUF[8]_inst_i_22/O
                         net (fo=1, routed)           0.255    30.718    quotient_bcd_OBUF[8]_inst_i_22_n_0
    SLICE_X6Y132         CARRY4 (Prop_carry4_DI[1]_CO[3])
                                                      0.430    31.148 r  quotient_bcd_OBUF[8]_inst_i_18/CO[3]
                         net (fo=28, routed)          1.413    32.562    quotient_bcd_OBUF[8]_inst_i_18_n_0
    SLICE_X4Y129         LUT5 (Prop_lut5_I1_O)        0.105    32.667 r  quotient_bcd_OBUF[4]_inst_i_67/O
                         net (fo=10, routed)          0.951    33.618    quotient_bcd_OBUF[4]_inst_i_67_n_0
    SLICE_X3Y132         LUT6 (Prop_lut6_I4_O)        0.105    33.723 r  quotient_bcd_OBUF[4]_inst_i_45/O
                         net (fo=1, routed)           0.000    33.723    quotient_bcd_OBUF[4]_inst_i_45_n_0
    SLICE_X3Y132         CARRY4 (Prop_carry4_S[1]_CO[3])
                                                      0.457    34.180 r  quotient_bcd_OBUF[4]_inst_i_9/CO[3]
                         net (fo=30, routed)          1.303    35.483    quotient_bcd_OBUF[4]_inst_i_9_n_0
    SLICE_X5Y134         LUT5 (Prop_lut5_I1_O)        0.105    35.588 r  quotient_bcd_OBUF[4]_inst_i_50/O
                         net (fo=7, routed)           0.656    36.244    quotient_bcd_OBUF[4]_inst_i_50_n_0
    SLICE_X2Y133         LUT6 (Prop_lut6_I1_O)        0.105    36.349 r  quotient_bcd_OBUF[4]_inst_i_32/O
                         net (fo=1, routed)           0.414    36.764    quotient_bcd_OBUF[4]_inst_i_32_n_0
    SLICE_X2Y132         CARRY4 (Prop_carry4_DI[2]_CO[3])
                                                      0.334    37.097 r  quotient_bcd_OBUF[4]_inst_i_8/CO[3]
                         net (fo=29, routed)          1.342    38.439    quotient_bcd_OBUF[4]_inst_i_8_n_0
    SLICE_X3Y133         LUT5 (Prop_lut5_I1_O)        0.105    38.544 r  quotient_bcd_OBUF[4]_inst_i_56/O
                         net (fo=10, routed)          0.609    39.153    quotient_bcd_OBUF[4]_inst_i_56_n_0
    SLICE_X6Y135         LUT6 (Prop_lut6_I4_O)        0.105    39.258 r  quotient_bcd_OBUF[4]_inst_i_17/O
                         net (fo=1, routed)           0.255    39.513    quotient_bcd_OBUF[4]_inst_i_17_n_0
    SLICE_X5Y135         CARRY4 (Prop_carry4_DI[1]_CO[3])
                                                      0.418    39.931 r  quotient_bcd_OBUF[4]_inst_i_4/CO[3]
                         net (fo=31, routed)          0.811    40.742    quotient_bcd_OBUF[4]_inst_i_4_n_0
    SLICE_X4Y136         LUT5 (Prop_lut5_I1_O)        0.105    40.847 r  remainder_bcd_OBUF[7]_inst_i_5/O
                         net (fo=7, routed)           0.716    41.563    remainder_bcd_OBUF[7]_inst_i_5_n_0
    SLICE_X2Y136         LUT6 (Prop_lut6_I1_O)        0.105    41.668 r  quotient_bcd_OBUF[4]_inst_i_24/O
                         net (fo=1, routed)           0.510    42.178    quotient_bcd_OBUF[4]_inst_i_24_n_0
    SLICE_X2Y137         CARRY4 (Prop_carry4_DI[2]_CO[3])
                                                      0.334    42.512 r  quotient_bcd_OBUF[4]_inst_i_7/CO[3]
                         net (fo=27, routed)          0.973    43.485    quotient_bcd_OBUF[4]_inst_i_7_n_0
    SLICE_X4Y136         LUT5 (Prop_lut5_I4_O)        0.105    43.590 f  remainder_bcd_OBUF[7]_inst_i_8/O
                         net (fo=3, routed)           0.696    44.286    remainder_bcd_OBUF[7]_inst_i_8_n_0
    SLICE_X3Y136         LUT6 (Prop_lut6_I1_O)        0.105    44.391 r  quotient_bcd_OBUF[0]_inst_i_4/O
                         net (fo=1, routed)           0.623    45.014    quotient_bcd_OBUF[0]_inst_i_4_n_0
    SLICE_X3Y137         CARRY4 (Prop_carry4_DI[2]_CO[3])
                                                      0.329    45.343 r  quotient_bcd_OBUF[0]_inst_i_2/CO[3]
                         net (fo=8, routed)           1.295    46.639    remainder1
    SLICE_X4Y137         LUT4 (Prop_lut4_I1_O)        0.115    46.754 r  remainder_bcd_OBUF[7]_inst_i_3/O
                         net (fo=9, routed)           0.629    47.382    remainder_bcd_OBUF[7]_inst_i_3_n_0
    SLICE_X0Y137         LUT6 (Prop_lut6_I1_O)        0.267    47.649 r  remainder_bcd_OBUF[2]_inst_i_1/O
                         net (fo=1, routed)           1.381    49.031    remainder_bcd_OBUF[2]
    P18                  OBUF (Prop_obuf_I_O)         2.353    51.384 r  remainder_bcd_OBUF[2]_inst/O
                         net (fo=0)                   0.000    51.384    remainder_bcd[2]
    P18                                                               r  remainder_bcd[2] (OUT)
  -------------------------------------------------------------------    -------------------

Slack:                    inf
  Source:                 dividend_bcd[13]
                            (input port)
  Destination:            remainder_bcd[1]
                            (output port)
  Path Group:             (none)
  Path Type:              Max at Slow Process Corner
  Data Path Delay:        51.260ns  (logic 15.053ns (29.367%)  route 36.206ns (70.633%))
  Logic Levels:           55  (CARRY4=21 IBUF=1 LUT2=1 LUT4=5 LUT5=12 LUT6=14 OBUF=1)

    Location             Delay type                Incr(ns)  Path(ns)    Netlist Resource(s)
  -------------------------------------------------------------------    -------------------
    R21                                               0.000     0.000 r  dividend_bcd[13] (IN)
                         net (fo=0)                   0.000     0.000    dividend_bcd[13]
    R21                  IBUF (Prop_ibuf_I_O)         0.880     0.880 r  dividend_bcd_IBUF[13]_inst/O
                         net (fo=7, routed)           1.161     2.041    dividend_bcd_IBUF[13]
    SLICE_X1Y113         LUT4 (Prop_lut4_I2_O)        0.105     2.146 r  remainder_bcd_OBUF[4]_inst_i_30/O
                         net (fo=1, routed)           0.000     2.146    remainder_bcd_OBUF[4]_inst_i_30_n_0
    SLICE_X1Y113         CARRY4 (Prop_carry4_S[1]_O[2])
                                                      0.481     2.627 r  remainder_bcd_OBUF[4]_inst_i_21/O[2]
                         net (fo=2, routed)           0.801     3.428    remainder_bcd_OBUF[4]_inst_i_21_n_5
    SLICE_X0Y113         LUT5 (Prop_lut5_I4_O)        0.253     3.681 r  remainder_bcd_OBUF[4]_inst_i_22/O
                         net (fo=1, routed)           0.000     3.681    remainder_bcd_OBUF[4]_inst_i_22_n_0
    SLICE_X0Y113         CARRY4 (Prop_carry4_S[3]_CO[3])
                                                      0.332     4.013 r  remainder_bcd_OBUF[4]_inst_i_19/CO[3]
                         net (fo=1, routed)           0.000     4.013    remainder_bcd_OBUF[4]_inst_i_19_n_0
    SLICE_X0Y114         CARRY4 (Prop_carry4_CI_O[1])
                                                      0.265     4.278 r  quotient_bcd_OBUF[11]_inst_i_178/O[1]
                         net (fo=1, routed)           0.601     4.879    C[9]
    SLICE_X4Y113         LUT2 (Prop_lut2_I1_O)        0.250     5.129 r  quotient_bcd_OBUF[4]_inst_i_118/O
                         net (fo=1, routed)           0.000     5.129    quotient_bcd_OBUF[4]_inst_i_118_n_0
    SLICE_X4Y113         CARRY4 (Prop_carry4_S[3]_CO[3])
                                                      0.332     5.461 r  quotient_bcd_OBUF[4]_inst_i_116/CO[3]
                         net (fo=1, routed)           0.000     5.461    quotient_bcd_OBUF[4]_inst_i_116_n_0
    SLICE_X4Y114         CARRY4 (Prop_carry4_CI_O[1])
                                                      0.265     5.726 r  quotient_bcd_OBUF[11]_inst_i_127/O[1]
                         net (fo=1, routed)           0.398     6.124    PCOUT[11]
    SLICE_X2Y114         CARRY4 (Prop_carry4_S[2]_CO[3])
                                                      0.566     6.690 r  quotient_bcd_OBUF[11]_inst_i_105/CO[3]
                         net (fo=1, routed)           0.000     6.690    quotient_bcd_OBUF[11]_inst_i_105_n_0
    SLICE_X2Y115         CARRY4 (Prop_carry4_CI_O[0])
                                                      0.178     6.868 r  quotient_bcd_OBUF[11]_inst_i_101/O[0]
                         net (fo=8, routed)           1.562     8.430    p_0_in
    SLICE_X8Y129         LUT6 (Prop_lut6_I3_O)        0.238     8.668 f  quotient_bcd_OBUF[11]_inst_i_53/O
                         net (fo=2, routed)           0.361     9.029    quotient_bcd_OBUF[11]_inst_i_53_n_0
    SLICE_X8Y129         LUT5 (Prop_lut5_I2_O)        0.125     9.154 r  quotient_bcd_OBUF[11]_inst_i_35/O
                         net (fo=17, routed)          1.176    10.330    quotient_bcd_OBUF[11]_inst_i_35_n_0
    SLICE_X0Y127         LUT4 (Prop_lut4_I1_O)        0.264    10.594 r  quotient_bcd_OBUF[11]_inst_i_134/O
                         net (fo=1, routed)           0.000    10.594    quotient_bcd_OBUF[11]_inst_i_134_n_0
    SLICE_X0Y127         CARRY4 (Prop_carry4_S[1]_O[1])
                                                      0.187    10.781 r  quotient_bcd_OBUF[11]_inst_i_103/O[1]
                         net (fo=1, routed)           0.403    11.184    quotient_bcd_OBUF[11]_inst_i_103_n_6
    SLICE_X1Y127         LUT4 (Prop_lut4_I2_O)        0.250    11.434 r  quotient_bcd_OBUF[11]_inst_i_104/O
                         net (fo=7, routed)           0.847    12.282    quotient_bcd_OBUF[11]_inst_i_104_n_0
    SLICE_X2Y127         LUT5 (Prop_lut5_I0_O)        0.105    12.387 r  quotient_bcd_OBUF[11]_inst_i_163/O
                         net (fo=1, routed)           0.000    12.387    quotient_bcd_OBUF[11]_inst_i_163_n_0
    SLICE_X2Y127         CARRY4 (Prop_carry4_S[2]_CO[3])
                                                      0.316    12.703 r  quotient_bcd_OBUF[11]_inst_i_122/CO[3]
                         net (fo=1, routed)           0.000    12.703    quotient_bcd_OBUF[11]_inst_i_122_n_0
    SLICE_X2Y128         CARRY4 (Prop_carry4_CI_O[0])
                                                      0.178    12.881 r  quotient_bcd_OBUF[11]_inst_i_118/O[0]
                         net (fo=4, routed)           0.700    13.581    quotient_bcd_OBUF[11]_inst_i_118_n_7
    SLICE_X4Y128         LUT4 (Prop_lut4_I2_O)        0.252    13.833 r  quotient_bcd_OBUF[11]_inst_i_120/O
                         net (fo=5, routed)           0.908    14.741    quotient_bcd_OBUF[11]_inst_i_120_n_0
    SLICE_X4Y127         LUT6 (Prop_lut6_I1_O)        0.275    15.016 r  quotient_bcd_OBUF[11]_inst_i_86/O
                         net (fo=1, routed)           0.398    15.413    quotient_bcd_OBUF[11]_inst_i_86_n_0
    SLICE_X5Y127         CARRY4 (Prop_carry4_DI[2]_CO[3])
                                                      0.329    15.742 r  quotient_bcd_OBUF[11]_inst_i_50/CO[3]
                         net (fo=33, routed)          1.373    17.116    quotient_bcd_OBUF[11]_inst_i_50_n_0
    SLICE_X4Y127         LUT6 (Prop_lut6_I5_O)        0.105    17.221 r  quotient_bcd_OBUF[11]_inst_i_114/O
                         net (fo=8, routed)           1.451    18.672    quotient_bcd_OBUF[11]_inst_i_114_n_0
    SLICE_X5Y125         LUT6 (Prop_lut6_I1_O)        0.105    18.777 r  quotient_bcd_OBUF[11]_inst_i_94/O
                         net (fo=1, routed)           0.394    19.171    quotient_bcd_OBUF[11]_inst_i_94_n_0
    SLICE_X4Y125         CARRY4 (Prop_carry4_DI[2]_CO[3])
                                                      0.329    19.500 r  quotient_bcd_OBUF[11]_inst_i_51/CO[3]
                         net (fo=30, routed)          0.602    20.102    quotient_bcd_OBUF[11]_inst_i_51_n_0
    SLICE_X7Y126         LUT5 (Prop_lut5_I1_O)        0.105    20.207 r  quotient_bcd_OBUF[11]_inst_i_111/O
                         net (fo=10, routed)          1.094    21.301    quotient_bcd_OBUF[11]_inst_i_111_n_0
    SLICE_X8Y126         LUT6 (Prop_lut6_I4_O)        0.105    21.406 r  quotient_bcd_OBUF[11]_inst_i_79/O
                         net (fo=1, routed)           0.429    21.835    quotient_bcd_OBUF[11]_inst_i_79_n_0
    SLICE_X9Y126         CARRY4 (Prop_carry4_DI[1]_CO[3])
                                                      0.418    22.253 r  quotient_bcd_OBUF[11]_inst_i_49/CO[3]
                         net (fo=28, routed)          1.098    23.351    quotient_bcd_OBUF[11]_inst_i_49_n_0
    SLICE_X9Y127         LUT5 (Prop_lut5_I1_O)        0.105    23.456 r  quotient_bcd_OBUF[8]_inst_i_47/O
                         net (fo=10, routed)          1.041    24.497    quotient_bcd_OBUF[8]_inst_i_47_n_0
    SLICE_X9Y129         LUT6 (Prop_lut6_I4_O)        0.105    24.602 r  quotient_bcd_OBUF[11]_inst_i_71/O
                         net (fo=1, routed)           0.408    25.010    quotient_bcd_OBUF[11]_inst_i_71_n_0
    SLICE_X9Y128         CARRY4 (Prop_carry4_DI[1]_CO[3])
                                                      0.418    25.428 r  quotient_bcd_OBUF[11]_inst_i_48/CO[3]
                         net (fo=28, routed)          1.442    26.870    quotient_bcd_OBUF[11]_inst_i_48_n_0
    SLICE_X7Y131         LUT5 (Prop_lut5_I1_O)        0.105    26.975 r  quotient_bcd_OBUF[8]_inst_i_38/O
                         net (fo=7, routed)           0.827    27.802    quotient_bcd_OBUF[8]_inst_i_38_n_0
    SLICE_X5Y129         LUT6 (Prop_lut6_I0_O)        0.105    27.907 r  quotient_bcd_OBUF[8]_inst_i_33/O
                         net (fo=1, routed)           0.000    27.907    quotient_bcd_OBUF[8]_inst_i_33_n_0
    SLICE_X5Y129         CARRY4 (Prop_carry4_S[2]_CO[3])
                                                      0.332    28.239 r  quotient_bcd_OBUF[8]_inst_i_19/CO[3]
                         net (fo=28, routed)          0.970    29.209    quotient_bcd_OBUF[8]_inst_i_19_n_0
    SLICE_X5Y128         LUT5 (Prop_lut5_I1_O)        0.105    29.314 r  quotient_bcd_OBUF[4]_inst_i_73/O
                         net (fo=10, routed)          1.045    30.358    quotient_bcd_OBUF[4]_inst_i_73_n_0
    SLICE_X5Y132         LUT6 (Prop_lut6_I4_O)        0.105    30.463 r  quotient_bcd_OBUF[8]_inst_i_22/O
                         net (fo=1, routed)           0.255    30.718    quotient_bcd_OBUF[8]_inst_i_22_n_0
    SLICE_X6Y132         CARRY4 (Prop_carry4_DI[1]_CO[3])
                                                      0.430    31.148 r  quotient_bcd_OBUF[8]_inst_i_18/CO[3]
                         net (fo=28, routed)          1.413    32.562    quotient_bcd_OBUF[8]_inst_i_18_n_0
    SLICE_X4Y129         LUT5 (Prop_lut5_I1_O)        0.105    32.667 r  quotient_bcd_OBUF[4]_inst_i_67/O
                         net (fo=10, routed)          0.951    33.618    quotient_bcd_OBUF[4]_inst_i_67_n_0
    SLICE_X3Y132         LUT6 (Prop_lut6_I4_O)        0.105    33.723 r  quotient_bcd_OBUF[4]_inst_i_45/O
                         net (fo=1, routed)           0.000    33.723    quotient_bcd_OBUF[4]_inst_i_45_n_0
    SLICE_X3Y132         CARRY4 (Prop_carry4_S[1]_CO[3])
                                                      0.457    34.180 r  quotient_bcd_OBUF[4]_inst_i_9/CO[3]
                         net (fo=30, routed)          1.303    35.483    quotient_bcd_OBUF[4]_inst_i_9_n_0
    SLICE_X5Y134         LUT5 (Prop_lut5_I1_O)        0.105    35.588 r  quotient_bcd_OBUF[4]_inst_i_50/O
                         net (fo=7, routed)           0.656    36.244    quotient_bcd_OBUF[4]_inst_i_50_n_0
    SLICE_X2Y133         LUT6 (Prop_lut6_I1_O)        0.105    36.349 r  quotient_bcd_OBUF[4]_inst_i_32/O
                         net (fo=1, routed)           0.414    36.764    quotient_bcd_OBUF[4]_inst_i_32_n_0
    SLICE_X2Y132         CARRY4 (Prop_carry4_DI[2]_CO[3])
                                                      0.334    37.097 r  quotient_bcd_OBUF[4]_inst_i_8/CO[3]
                         net (fo=29, routed)          1.342    38.439    quotient_bcd_OBUF[4]_inst_i_8_n_0
    SLICE_X3Y133         LUT5 (Prop_lut5_I1_O)        0.105    38.544 r  quotient_bcd_OBUF[4]_inst_i_56/O
                         net (fo=10, routed)          0.609    39.153    quotient_bcd_OBUF[4]_inst_i_56_n_0
    SLICE_X6Y135         LUT6 (Prop_lut6_I4_O)        0.105    39.258 r  quotient_bcd_OBUF[4]_inst_i_17/O
                         net (fo=1, routed)           0.255    39.513    quotient_bcd_OBUF[4]_inst_i_17_n_0
    SLICE_X5Y135         CARRY4 (Prop_carry4_DI[1]_CO[3])
                                                      0.418    39.931 r  quotient_bcd_OBUF[4]_inst_i_4/CO[3]
                         net (fo=31, routed)          0.811    40.742    quotient_bcd_OBUF[4]_inst_i_4_n_0
    SLICE_X4Y136         LUT5 (Prop_lut5_I1_O)        0.105    40.847 r  remainder_bcd_OBUF[7]_inst_i_5/O
                         net (fo=7, routed)           0.716    41.563    remainder_bcd_OBUF[7]_inst_i_5_n_0
    SLICE_X2Y136         LUT6 (Prop_lut6_I1_O)        0.105    41.668 r  quotient_bcd_OBUF[4]_inst_i_24/O
                         net (fo=1, routed)           0.510    42.178    quotient_bcd_OBUF[4]_inst_i_24_n_0
    SLICE_X2Y137         CARRY4 (Prop_carry4_DI[2]_CO[3])
                                                      0.334    42.512 r  quotient_bcd_OBUF[4]_inst_i_7/CO[3]
                         net (fo=27, routed)          0.973    43.485    quotient_bcd_OBUF[4]_inst_i_7_n_0
    SLICE_X4Y136         LUT5 (Prop_lut5_I4_O)        0.105    43.590 f  remainder_bcd_OBUF[7]_inst_i_8/O
                         net (fo=3, routed)           0.696    44.286    remainder_bcd_OBUF[7]_inst_i_8_n_0
    SLICE_X3Y136         LUT6 (Prop_lut6_I1_O)        0.105    44.391 r  quotient_bcd_OBUF[0]_inst_i_4/O
                         net (fo=1, routed)           0.623    45.014    quotient_bcd_OBUF[0]_inst_i_4_n_0
    SLICE_X3Y137         CARRY4 (Prop_carry4_DI[2]_CO[3])
                                                      0.329    45.343 r  quotient_bcd_OBUF[0]_inst_i_2/CO[3]
                         net (fo=8, routed)           1.295    46.639    remainder1
    SLICE_X4Y137         LUT4 (Prop_lut4_I1_O)        0.115    46.754 r  remainder_bcd_OBUF[7]_inst_i_3/O
                         net (fo=9, routed)           0.636    47.390    remainder_bcd_OBUF[7]_inst_i_3_n_0
    SLICE_X0Y137         LUT6 (Prop_lut6_I4_O)        0.267    47.657 r  remainder_bcd_OBUF[1]_inst_i_1/O
                         net (fo=1, routed)           1.256    48.913    remainder_bcd_OBUF[1]
    N18                  OBUF (Prop_obuf_I_O)         2.346    51.260 r  remainder_bcd_OBUF[1]_inst/O
                         net (fo=0)                   0.000    51.260    remainder_bcd[1]
    N18                                                               r  remainder_bcd[1] (OUT)
  -------------------------------------------------------------------    -------------------

Slack:                    inf
  Source:                 dividend_bcd[13]
                            (input port)
  Destination:            quotient_bcd[0]
                            (output port)
  Path Group:             (none)
  Path Type:              Max at Slow Process Corner
  Data Path Delay:        50.625ns  (logic 14.972ns (29.575%)  route 35.652ns (70.425%))
  Logic Levels:           54  (CARRY4=21 IBUF=1 LUT2=2 LUT4=4 LUT5=12 LUT6=13 OBUF=1)

    Location             Delay type                Incr(ns)  Path(ns)    Netlist Resource(s)
  -------------------------------------------------------------------    -------------------
    R21                                               0.000     0.000 r  dividend_bcd[13] (IN)
                         net (fo=0)                   0.000     0.000    dividend_bcd[13]
    R21                  IBUF (Prop_ibuf_I_O)         0.880     0.880 r  dividend_bcd_IBUF[13]_inst/O
                         net (fo=7, routed)           1.161     2.041    dividend_bcd_IBUF[13]
    SLICE_X1Y113         LUT4 (Prop_lut4_I2_O)        0.105     2.146 r  remainder_bcd_OBUF[4]_inst_i_30/O
                         net (fo=1, routed)           0.000     2.146    remainder_bcd_OBUF[4]_inst_i_30_n_0
    SLICE_X1Y113         CARRY4 (Prop_carry4_S[1]_O[2])
                                                      0.481     2.627 r  remainder_bcd_OBUF[4]_inst_i_21/O[2]
                         net (fo=2, routed)           0.801     3.428    remainder_bcd_OBUF[4]_inst_i_21_n_5
    SLICE_X0Y113         LUT5 (Prop_lut5_I4_O)        0.253     3.681 r  remainder_bcd_OBUF[4]_inst_i_22/O
                         net (fo=1, routed)           0.000     3.681    remainder_bcd_OBUF[4]_inst_i_22_n_0
    SLICE_X0Y113         CARRY4 (Prop_carry4_S[3]_CO[3])
                                                      0.332     4.013 r  remainder_bcd_OBUF[4]_inst_i_19/CO[3]
                         net (fo=1, routed)           0.000     4.013    remainder_bcd_OBUF[4]_inst_i_19_n_0
    SLICE_X0Y114         CARRY4 (Prop_carry4_CI_O[1])
                                                      0.265     4.278 r  quotient_bcd_OBUF[11]_inst_i_178/O[1]
                         net (fo=1, routed)           0.601     4.879    C[9]
    SLICE_X4Y113         LUT2 (Prop_lut2_I1_O)        0.250     5.129 r  quotient_bcd_OBUF[4]_inst_i_118/O
                         net (fo=1, routed)           0.000     5.129    quotient_bcd_OBUF[4]_inst_i_118_n_0
    SLICE_X4Y113         CARRY4 (Prop_carry4_S[3]_CO[3])
                                                      0.332     5.461 r  quotient_bcd_OBUF[4]_inst_i_116/CO[3]
                         net (fo=1, routed)           0.000     5.461    quotient_bcd_OBUF[4]_inst_i_116_n_0
    SLICE_X4Y114         CARRY4 (Prop_carry4_CI_O[1])
                                                      0.265     5.726 r  quotient_bcd_OBUF[11]_inst_i_127/O[1]
                         net (fo=1, routed)           0.398     6.124    PCOUT[11]
    SLICE_X2Y114         CARRY4 (Prop_carry4_S[2]_CO[3])
                                                      0.566     6.690 r  quotient_bcd_OBUF[11]_inst_i_105/CO[3]
                         net (fo=1, routed)           0.000     6.690    quotient_bcd_OBUF[11]_inst_i_105_n_0
    SLICE_X2Y115         CARRY4 (Prop_carry4_CI_O[0])
                                                      0.178     6.868 r  quotient_bcd_OBUF[11]_inst_i_101/O[0]
                         net (fo=8, routed)           1.562     8.430    p_0_in
    SLICE_X8Y129         LUT6 (Prop_lut6_I3_O)        0.238     8.668 f  quotient_bcd_OBUF[11]_inst_i_53/O
                         net (fo=2, routed)           0.361     9.029    quotient_bcd_OBUF[11]_inst_i_53_n_0
    SLICE_X8Y129         LUT5 (Prop_lut5_I2_O)        0.125     9.154 r  quotient_bcd_OBUF[11]_inst_i_35/O
                         net (fo=17, routed)          1.176    10.330    quotient_bcd_OBUF[11]_inst_i_35_n_0
    SLICE_X0Y127         LUT4 (Prop_lut4_I1_O)        0.264    10.594 r  quotient_bcd_OBUF[11]_inst_i_134/O
                         net (fo=1, routed)           0.000    10.594    quotient_bcd_OBUF[11]_inst_i_134_n_0
    SLICE_X0Y127         CARRY4 (Prop_carry4_S[1]_O[1])
                                                      0.187    10.781 r  quotient_bcd_OBUF[11]_inst_i_103/O[1]
                         net (fo=1, routed)           0.403    11.184    quotient_bcd_OBUF[11]_inst_i_103_n_6
    SLICE_X1Y127         LUT4 (Prop_lut4_I2_O)        0.250    11.434 r  quotient_bcd_OBUF[11]_inst_i_104/O
                         net (fo=7, routed)           0.847    12.282    quotient_bcd_OBUF[11]_inst_i_104_n_0
    SLICE_X2Y127         LUT5 (Prop_lut5_I0_O)        0.105    12.387 r  quotient_bcd_OBUF[11]_inst_i_163/O
                         net (fo=1, routed)           0.000    12.387    quotient_bcd_OBUF[11]_inst_i_163_n_0
    SLICE_X2Y127         CARRY4 (Prop_carry4_S[2]_CO[3])
                                                      0.316    12.703 r  quotient_bcd_OBUF[11]_inst_i_122/CO[3]
                         net (fo=1, routed)           0.000    12.703    quotient_bcd_OBUF[11]_inst_i_122_n_0
    SLICE_X2Y128         CARRY4 (Prop_carry4_CI_O[0])
                                                      0.178    12.881 r  quotient_bcd_OBUF[11]_inst_i_118/O[0]
                         net (fo=4, routed)           0.700    13.581    quotient_bcd_OBUF[11]_inst_i_118_n_7
    SLICE_X4Y128         LUT4 (Prop_lut4_I2_O)        0.252    13.833 r  quotient_bcd_OBUF[11]_inst_i_120/O
                         net (fo=5, routed)           0.908    14.741    quotient_bcd_OBUF[11]_inst_i_120_n_0
    SLICE_X4Y127         LUT6 (Prop_lut6_I1_O)        0.275    15.016 r  quotient_bcd_OBUF[11]_inst_i_86/O
                         net (fo=1, routed)           0.398    15.413    quotient_bcd_OBUF[11]_inst_i_86_n_0
    SLICE_X5Y127         CARRY4 (Prop_carry4_DI[2]_CO[3])
                                                      0.329    15.742 r  quotient_bcd_OBUF[11]_inst_i_50/CO[3]
                         net (fo=33, routed)          1.373    17.116    quotient_bcd_OBUF[11]_inst_i_50_n_0
    SLICE_X4Y127         LUT6 (Prop_lut6_I5_O)        0.105    17.221 r  quotient_bcd_OBUF[11]_inst_i_114/O
                         net (fo=8, routed)           1.451    18.672    quotient_bcd_OBUF[11]_inst_i_114_n_0
    SLICE_X5Y125         LUT6 (Prop_lut6_I1_O)        0.105    18.777 r  quotient_bcd_OBUF[11]_inst_i_94/O
                         net (fo=1, routed)           0.394    19.171    quotient_bcd_OBUF[11]_inst_i_94_n_0
    SLICE_X4Y125         CARRY4 (Prop_carry4_DI[2]_CO[3])
                                                      0.329    19.500 r  quotient_bcd_OBUF[11]_inst_i_51/CO[3]
                         net (fo=30, routed)          0.602    20.102    quotient_bcd_OBUF[11]_inst_i_51_n_0
    SLICE_X7Y126         LUT5 (Prop_lut5_I1_O)        0.105    20.207 r  quotient_bcd_OBUF[11]_inst_i_111/O
                         net (fo=10, routed)          1.094    21.301    quotient_bcd_OBUF[11]_inst_i_111_n_0
    SLICE_X8Y126         LUT6 (Prop_lut6_I4_O)        0.105    21.406 r  quotient_bcd_OBUF[11]_inst_i_79/O
                         net (fo=1, routed)           0.429    21.835    quotient_bcd_OBUF[11]_inst_i_79_n_0
    SLICE_X9Y126         CARRY4 (Prop_carry4_DI[1]_CO[3])
                                                      0.418    22.253 r  quotient_bcd_OBUF[11]_inst_i_49/CO[3]
                         net (fo=28, routed)          1.098    23.351    quotient_bcd_OBUF[11]_inst_i_49_n_0
    SLICE_X9Y127         LUT5 (Prop_lut5_I1_O)        0.105    23.456 r  quotient_bcd_OBUF[8]_inst_i_47/O
                         net (fo=10, routed)          1.041    24.497    quotient_bcd_OBUF[8]_inst_i_47_n_0
    SLICE_X9Y129         LUT6 (Prop_lut6_I4_O)        0.105    24.602 r  quotient_bcd_OBUF[11]_inst_i_71/O
                         net (fo=1, routed)           0.408    25.010    quotient_bcd_OBUF[11]_inst_i_71_n_0
    SLICE_X9Y128         CARRY4 (Prop_carry4_DI[1]_CO[3])
                                                      0.418    25.428 r  quotient_bcd_OBUF[11]_inst_i_48/CO[3]
                         net (fo=28, routed)          1.442    26.870    quotient_bcd_OBUF[11]_inst_i_48_n_0
    SLICE_X7Y131         LUT5 (Prop_lut5_I1_O)        0.105    26.975 r  quotient_bcd_OBUF[8]_inst_i_38/O
                         net (fo=7, routed)           0.827    27.802    quotient_bcd_OBUF[8]_inst_i_38_n_0
    SLICE_X5Y129         LUT6 (Prop_lut6_I0_O)        0.105    27.907 r  quotient_bcd_OBUF[8]_inst_i_33/O
                         net (fo=1, routed)           0.000    27.907    quotient_bcd_OBUF[8]_inst_i_33_n_0
    SLICE_X5Y129         CARRY4 (Prop_carry4_S[2]_CO[3])
                                                      0.332    28.239 r  quotient_bcd_OBUF[8]_inst_i_19/CO[3]
                         net (fo=28, routed)          0.970    29.209    quotient_bcd_OBUF[8]_inst_i_19_n_0
    SLICE_X5Y128         LUT5 (Prop_lut5_I1_O)        0.105    29.314 r  quotient_bcd_OBUF[4]_inst_i_73/O
                         net (fo=10, routed)          1.045    30.358    quotient_bcd_OBUF[4]_inst_i_73_n_0
    SLICE_X5Y132         LUT6 (Prop_lut6_I4_O)        0.105    30.463 r  quotient_bcd_OBUF[8]_inst_i_22/O
                         net (fo=1, routed)           0.255    30.718    quotient_bcd_OBUF[8]_inst_i_22_n_0
    SLICE_X6Y132         CARRY4 (Prop_carry4_DI[1]_CO[3])
                                                      0.430    31.148 r  quotient_bcd_OBUF[8]_inst_i_18/CO[3]
                         net (fo=28, routed)          1.413    32.562    quotient_bcd_OBUF[8]_inst_i_18_n_0
    SLICE_X4Y129         LUT5 (Prop_lut5_I1_O)        0.105    32.667 r  quotient_bcd_OBUF[4]_inst_i_67/O
                         net (fo=10, routed)          0.951    33.618    quotient_bcd_OBUF[4]_inst_i_67_n_0
    SLICE_X3Y132         LUT6 (Prop_lut6_I4_O)        0.105    33.723 r  quotient_bcd_OBUF[4]_inst_i_45/O
                         net (fo=1, routed)           0.000    33.723    quotient_bcd_OBUF[4]_inst_i_45_n_0
    SLICE_X3Y132         CARRY4 (Prop_carry4_S[1]_CO[3])
                                                      0.457    34.180 r  quotient_bcd_OBUF[4]_inst_i_9/CO[3]
                         net (fo=30, routed)          1.303    35.483    quotient_bcd_OBUF[4]_inst_i_9_n_0
    SLICE_X5Y134         LUT5 (Prop_lut5_I1_O)        0.105    35.588 r  quotient_bcd_OBUF[4]_inst_i_50/O
                         net (fo=7, routed)           0.656    36.244    quotient_bcd_OBUF[4]_inst_i_50_n_0
    SLICE_X2Y133         LUT6 (Prop_lut6_I1_O)        0.105    36.349 r  quotient_bcd_OBUF[4]_inst_i_32/O
                         net (fo=1, routed)           0.414    36.764    quotient_bcd_OBUF[4]_inst_i_32_n_0
    SLICE_X2Y132         CARRY4 (Prop_carry4_DI[2]_CO[3])
                                                      0.334    37.097 r  quotient_bcd_OBUF[4]_inst_i_8/CO[3]
                         net (fo=29, routed)          1.342    38.439    quotient_bcd_OBUF[4]_inst_i_8_n_0
    SLICE_X3Y133         LUT5 (Prop_lut5_I1_O)        0.105    38.544 r  quotient_bcd_OBUF[4]_inst_i_56/O
                         net (fo=10, routed)          0.609    39.153    quotient_bcd_OBUF[4]_inst_i_56_n_0
    SLICE_X6Y135         LUT6 (Prop_lut6_I4_O)        0.105    39.258 r  quotient_bcd_OBUF[4]_inst_i_17/O
                         net (fo=1, routed)           0.255    39.513    quotient_bcd_OBUF[4]_inst_i_17_n_0
    SLICE_X5Y135         CARRY4 (Prop_carry4_DI[1]_CO[3])
                                                      0.418    39.931 r  quotient_bcd_OBUF[4]_inst_i_4/CO[3]
                         net (fo=31, routed)          0.811    40.742    quotient_bcd_OBUF[4]_inst_i_4_n_0
    SLICE_X4Y136         LUT5 (Prop_lut5_I1_O)        0.105    40.847 r  remainder_bcd_OBUF[7]_inst_i_5/O
                         net (fo=7, routed)           0.716    41.563    remainder_bcd_OBUF[7]_inst_i_5_n_0
    SLICE_X2Y136         LUT6 (Prop_lut6_I1_O)        0.105    41.668 r  quotient_bcd_OBUF[4]_inst_i_24/O
                         net (fo=1, routed)           0.510    42.178    quotient_bcd_OBUF[4]_inst_i_24_n_0
    SLICE_X2Y137         CARRY4 (Prop_carry4_DI[2]_CO[3])
                                                      0.334    42.512 r  quotient_bcd_OBUF[4]_inst_i_7/CO[3]
                         net (fo=27, routed)          0.973    43.485    quotient_bcd_OBUF[4]_inst_i_7_n_0
    SLICE_X4Y136         LUT5 (Prop_lut5_I4_O)        0.105    43.590 f  remainder_bcd_OBUF[7]_inst_i_8/O
                         net (fo=3, routed)           0.696    44.286    remainder_bcd_OBUF[7]_inst_i_8_n_0
    SLICE_X3Y136         LUT6 (Prop_lut6_I1_O)        0.105    44.391 r  quotient_bcd_OBUF[0]_inst_i_4/O
                         net (fo=1, routed)           0.623    45.014    quotient_bcd_OBUF[0]_inst_i_4_n_0
    SLICE_X3Y137         CARRY4 (Prop_carry4_DI[2]_CO[3])
                                                      0.329    45.343 r  quotient_bcd_OBUF[0]_inst_i_2/CO[3]
                         net (fo=8, routed)           0.879    46.222    remainder1
    SLICE_X0Y135         LUT2 (Prop_lut2_I0_O)        0.126    46.348 r  quotient_bcd_OBUF[0]_inst_i_1/O
                         net (fo=1, routed)           1.755    48.103    quotient_bcd_OBUF[0]
    N21                  OBUF (Prop_obuf_I_O)         2.522    50.625 r  quotient_bcd_OBUF[0]_inst/O
                         net (fo=0)                   0.000    50.625    quotient_bcd[0]
    N21                                                               r  quotient_bcd[0] (OUT)
  -------------------------------------------------------------------    -------------------

Slack:                    inf
  Source:                 dividend_bcd[13]
                            (input port)
  Destination:            remainder_bcd[0]
                            (output port)
  Path Group:             (none)
  Path Type:              Max at Slow Process Corner
  Data Path Delay:        50.095ns  (logic 14.820ns (29.585%)  route 35.274ns (70.415%))
  Logic Levels:           54  (CARRY4=21 IBUF=1 LUT2=1 LUT4=5 LUT5=12 LUT6=13 OBUF=1)

    Location             Delay type                Incr(ns)  Path(ns)    Netlist Resource(s)
  -------------------------------------------------------------------    -------------------
    R21                                               0.000     0.000 r  dividend_bcd[13] (IN)
                         net (fo=0)                   0.000     0.000    dividend_bcd[13]
    R21                  IBUF (Prop_ibuf_I_O)         0.880     0.880 r  dividend_bcd_IBUF[13]_inst/O
                         net (fo=7, routed)           1.161     2.041    dividend_bcd_IBUF[13]
    SLICE_X1Y113         LUT4 (Prop_lut4_I2_O)        0.105     2.146 r  remainder_bcd_OBUF[4]_inst_i_30/O
                         net (fo=1, routed)           0.000     2.146    remainder_bcd_OBUF[4]_inst_i_30_n_0
    SLICE_X1Y113         CARRY4 (Prop_carry4_S[1]_O[2])
                                                      0.481     2.627 r  remainder_bcd_OBUF[4]_inst_i_21/O[2]
                         net (fo=2, routed)           0.801     3.428    remainder_bcd_OBUF[4]_inst_i_21_n_5
    SLICE_X0Y113         LUT5 (Prop_lut5_I4_O)        0.253     3.681 r  remainder_bcd_OBUF[4]_inst_i_22/O
                         net (fo=1, routed)           0.000     3.681    remainder_bcd_OBUF[4]_inst_i_22_n_0
    SLICE_X0Y113         CARRY4 (Prop_carry4_S[3]_CO[3])
                                                      0.332     4.013 r  remainder_bcd_OBUF[4]_inst_i_19/CO[3]
                         net (fo=1, routed)           0.000     4.013    remainder_bcd_OBUF[4]_inst_i_19_n_0
    SLICE_X0Y114         CARRY4 (Prop_carry4_CI_O[1])
                                                      0.265     4.278 r  quotient_bcd_OBUF[11]_inst_i_178/O[1]
                         net (fo=1, routed)           0.601     4.879    C[9]
    SLICE_X4Y113         LUT2 (Prop_lut2_I1_O)        0.250     5.129 r  quotient_bcd_OBUF[4]_inst_i_118/O
                         net (fo=1, routed)           0.000     5.129    quotient_bcd_OBUF[4]_inst_i_118_n_0
    SLICE_X4Y113         CARRY4 (Prop_carry4_S[3]_CO[3])
                                                      0.332     5.461 r  quotient_bcd_OBUF[4]_inst_i_116/CO[3]
                         net (fo=1, routed)           0.000     5.461    quotient_bcd_OBUF[4]_inst_i_116_n_0
    SLICE_X4Y114         CARRY4 (Prop_carry4_CI_O[1])
                                                      0.265     5.726 r  quotient_bcd_OBUF[11]_inst_i_127/O[1]
                         net (fo=1, routed)           0.398     6.124    PCOUT[11]
    SLICE_X2Y114         CARRY4 (Prop_carry4_S[2]_CO[3])
                                                      0.566     6.690 r  quotient_bcd_OBUF[11]_inst_i_105/CO[3]
                         net (fo=1, routed)           0.000     6.690    quotient_bcd_OBUF[11]_inst_i_105_n_0
    SLICE_X2Y115         CARRY4 (Prop_carry4_CI_O[0])
                                                      0.178     6.868 r  quotient_bcd_OBUF[11]_inst_i_101/O[0]
                         net (fo=8, routed)           1.562     8.430    p_0_in
    SLICE_X8Y129         LUT6 (Prop_lut6_I3_O)        0.238     8.668 f  quotient_bcd_OBUF[11]_inst_i_53/O
                         net (fo=2, routed)           0.361     9.029    quotient_bcd_OBUF[11]_inst_i_53_n_0
    SLICE_X8Y129         LUT5 (Prop_lut5_I2_O)        0.125     9.154 r  quotient_bcd_OBUF[11]_inst_i_35/O
                         net (fo=17, routed)          1.176    10.330    quotient_bcd_OBUF[11]_inst_i_35_n_0
    SLICE_X0Y127         LUT4 (Prop_lut4_I1_O)        0.264    10.594 r  quotient_bcd_OBUF[11]_inst_i_134/O
                         net (fo=1, routed)           0.000    10.594    quotient_bcd_OBUF[11]_inst_i_134_n_0
    SLICE_X0Y127         CARRY4 (Prop_carry4_S[1]_O[1])
                                                      0.187    10.781 r  quotient_bcd_OBUF[11]_inst_i_103/O[1]
                         net (fo=1, routed)           0.403    11.184    quotient_bcd_OBUF[11]_inst_i_103_n_6
    SLICE_X1Y127         LUT4 (Prop_lut4_I2_O)        0.250    11.434 r  quotient_bcd_OBUF[11]_inst_i_104/O
                         net (fo=7, routed)           0.847    12.282    quotient_bcd_OBUF[11]_inst_i_104_n_0
    SLICE_X2Y127         LUT5 (Prop_lut5_I0_O)        0.105    12.387 r  quotient_bcd_OBUF[11]_inst_i_163/O
                         net (fo=1, routed)           0.000    12.387    quotient_bcd_OBUF[11]_inst_i_163_n_0
    SLICE_X2Y127         CARRY4 (Prop_carry4_S[2]_CO[3])
                                                      0.316    12.703 r  quotient_bcd_OBUF[11]_inst_i_122/CO[3]
                         net (fo=1, routed)           0.000    12.703    quotient_bcd_OBUF[11]_inst_i_122_n_0
    SLICE_X2Y128         CARRY4 (Prop_carry4_CI_O[0])
                                                      0.178    12.881 r  quotient_bcd_OBUF[11]_inst_i_118/O[0]
                         net (fo=4, routed)           0.700    13.581    quotient_bcd_OBUF[11]_inst_i_118_n_7
    SLICE_X4Y128         LUT4 (Prop_lut4_I2_O)        0.252    13.833 r  quotient_bcd_OBUF[11]_inst_i_120/O
                         net (fo=5, routed)           0.908    14.741    quotient_bcd_OBUF[11]_inst_i_120_n_0
    SLICE_X4Y127         LUT6 (Prop_lut6_I1_O)        0.275    15.016 r  quotient_bcd_OBUF[11]_inst_i_86/O
                         net (fo=1, routed)           0.398    15.413    quotient_bcd_OBUF[11]_inst_i_86_n_0
    SLICE_X5Y127         CARRY4 (Prop_carry4_DI[2]_CO[3])
                                                      0.329    15.742 r  quotient_bcd_OBUF[11]_inst_i_50/CO[3]
                         net (fo=33, routed)          1.373    17.116    quotient_bcd_OBUF[11]_inst_i_50_n_0
    SLICE_X4Y127         LUT6 (Prop_lut6_I5_O)        0.105    17.221 r  quotient_bcd_OBUF[11]_inst_i_114/O
                         net (fo=8, routed)           1.451    18.672    quotient_bcd_OBUF[11]_inst_i_114_n_0
    SLICE_X5Y125         LUT6 (Prop_lut6_I1_O)        0.105    18.777 r  quotient_bcd_OBUF[11]_inst_i_94/O
                         net (fo=1, routed)           0.394    19.171    quotient_bcd_OBUF[11]_inst_i_94_n_0
    SLICE_X4Y125         CARRY4 (Prop_carry4_DI[2]_CO[3])
                                                      0.329    19.500 r  quotient_bcd_OBUF[11]_inst_i_51/CO[3]
                         net (fo=30, routed)          0.602    20.102    quotient_bcd_OBUF[11]_inst_i_51_n_0
    SLICE_X7Y126         LUT5 (Prop_lut5_I1_O)        0.105    20.207 r  quotient_bcd_OBUF[11]_inst_i_111/O
                         net (fo=10, routed)          1.094    21.301    quotient_bcd_OBUF[11]_inst_i_111_n_0
    SLICE_X8Y126         LUT6 (Prop_lut6_I4_O)        0.105    21.406 r  quotient_bcd_OBUF[11]_inst_i_79/O
                         net (fo=1, routed)           0.429    21.835    quotient_bcd_OBUF[11]_inst_i_79_n_0
    SLICE_X9Y126         CARRY4 (Prop_carry4_DI[1]_CO[3])
                                                      0.418    22.253 r  quotient_bcd_OBUF[11]_inst_i_49/CO[3]
                         net (fo=28, routed)          1.098    23.351    quotient_bcd_OBUF[11]_inst_i_49_n_0
    SLICE_X9Y127         LUT5 (Prop_lut5_I1_O)        0.105    23.456 r  quotient_bcd_OBUF[8]_inst_i_47/O
                         net (fo=10, routed)          1.041    24.497    quotient_bcd_OBUF[8]_inst_i_47_n_0
    SLICE_X9Y129         LUT6 (Prop_lut6_I4_O)        0.105    24.602 r  quotient_bcd_OBUF[11]_inst_i_71/O
                         net (fo=1, routed)           0.408    25.010    quotient_bcd_OBUF[11]_inst_i_71_n_0
    SLICE_X9Y128         CARRY4 (Prop_carry4_DI[1]_CO[3])
                                                      0.418    25.428 r  quotient_bcd_OBUF[11]_inst_i_48/CO[3]
                         net (fo=28, routed)          1.442    26.870    quotient_bcd_OBUF[11]_inst_i_48_n_0
    SLICE_X7Y131         LUT5 (Prop_lut5_I1_O)        0.105    26.975 r  quotient_bcd_OBUF[8]_inst_i_38/O
                         net (fo=7, routed)           0.827    27.802    quotient_bcd_OBUF[8]_inst_i_38_n_0
    SLICE_X5Y129         LUT6 (Prop_lut6_I0_O)        0.105    27.907 r  quotient_bcd_OBUF[8]_inst_i_33/O
                         net (fo=1, routed)           0.000    27.907    quotient_bcd_OBUF[8]_inst_i_33_n_0
    SLICE_X5Y129         CARRY4 (Prop_carry4_S[2]_CO[3])
                                                      0.332    28.239 r  quotient_bcd_OBUF[8]_inst_i_19/CO[3]
                         net (fo=28, routed)          0.970    29.209    quotient_bcd_OBUF[8]_inst_i_19_n_0
    SLICE_X5Y128         LUT5 (Prop_lut5_I1_O)        0.105    29.314 r  quotient_bcd_OBUF[4]_inst_i_73/O
                         net (fo=10, routed)          1.045    30.358    quotient_bcd_OBUF[4]_inst_i_73_n_0
    SLICE_X5Y132         LUT6 (Prop_lut6_I4_O)        0.105    30.463 r  quotient_bcd_OBUF[8]_inst_i_22/O
                         net (fo=1, routed)           0.255    30.718    quotient_bcd_OBUF[8]_inst_i_22_n_0
    SLICE_X6Y132         CARRY4 (Prop_carry4_DI[1]_CO[3])
                                                      0.430    31.148 r  quotient_bcd_OBUF[8]_inst_i_18/CO[3]
                         net (fo=28, routed)          1.413    32.562    quotient_bcd_OBUF[8]_inst_i_18_n_0
    SLICE_X4Y129         LUT5 (Prop_lut5_I1_O)        0.105    32.667 r  quotient_bcd_OBUF[4]_inst_i_67/O
                         net (fo=10, routed)          0.951    33.618    quotient_bcd_OBUF[4]_inst_i_67_n_0
    SLICE_X3Y132         LUT6 (Prop_lut6_I4_O)        0.105    33.723 r  quotient_bcd_OBUF[4]_inst_i_45/O
                         net (fo=1, routed)           0.000    33.723    quotient_bcd_OBUF[4]_inst_i_45_n_0
    SLICE_X3Y132         CARRY4 (Prop_carry4_S[1]_CO[3])
                                                      0.457    34.180 r  quotient_bcd_OBUF[4]_inst_i_9/CO[3]
                         net (fo=30, routed)          1.303    35.483    quotient_bcd_OBUF[4]_inst_i_9_n_0
    SLICE_X5Y134         LUT5 (Prop_lut5_I1_O)        0.105    35.588 r  quotient_bcd_OBUF[4]_inst_i_50/O
                         net (fo=7, routed)           0.656    36.244    quotient_bcd_OBUF[4]_inst_i_50_n_0
    SLICE_X2Y133         LUT6 (Prop_lut6_I1_O)        0.105    36.349 r  quotient_bcd_OBUF[4]_inst_i_32/O
                         net (fo=1, routed)           0.414    36.764    quotient_bcd_OBUF[4]_inst_i_32_n_0
    SLICE_X2Y132         CARRY4 (Prop_carry4_DI[2]_CO[3])
                                                      0.334    37.097 r  quotient_bcd_OBUF[4]_inst_i_8/CO[3]
                         net (fo=29, routed)          1.342    38.439    quotient_bcd_OBUF[4]_inst_i_8_n_0
    SLICE_X3Y133         LUT5 (Prop_lut5_I1_O)        0.105    38.544 r  quotient_bcd_OBUF[4]_inst_i_56/O
                         net (fo=10, routed)          0.609    39.153    quotient_bcd_OBUF[4]_inst_i_56_n_0
    SLICE_X6Y135         LUT6 (Prop_lut6_I4_O)        0.105    39.258 r  quotient_bcd_OBUF[4]_inst_i_17/O
                         net (fo=1, routed)           0.255    39.513    quotient_bcd_OBUF[4]_inst_i_17_n_0
    SLICE_X5Y135         CARRY4 (Prop_carry4_DI[1]_CO[3])
                                                      0.418    39.931 r  quotient_bcd_OBUF[4]_inst_i_4/CO[3]
                         net (fo=31, routed)          0.811    40.742    quotient_bcd_OBUF[4]_inst_i_4_n_0
    SLICE_X4Y136         LUT5 (Prop_lut5_I1_O)        0.105    40.847 r  remainder_bcd_OBUF[7]_inst_i_5/O
                         net (fo=7, routed)           0.716    41.563    remainder_bcd_OBUF[7]_inst_i_5_n_0
    SLICE_X2Y136         LUT6 (Prop_lut6_I1_O)        0.105    41.668 r  quotient_bcd_OBUF[4]_inst_i_24/O
                         net (fo=1, routed)           0.510    42.178    quotient_bcd_OBUF[4]_inst_i_24_n_0
    SLICE_X2Y137         CARRY4 (Prop_carry4_DI[2]_CO[3])
                                                      0.334    42.512 r  quotient_bcd_OBUF[4]_inst_i_7/CO[3]
                         net (fo=27, routed)          0.973    43.485    quotient_bcd_OBUF[4]_inst_i_7_n_0
    SLICE_X4Y136         LUT5 (Prop_lut5_I4_O)        0.105    43.590 f  remainder_bcd_OBUF[7]_inst_i_8/O
                         net (fo=3, routed)           0.696    44.286    remainder_bcd_OBUF[7]_inst_i_8_n_0
    SLICE_X3Y136         LUT6 (Prop_lut6_I1_O)        0.105    44.391 r  quotient_bcd_OBUF[0]_inst_i_4/O
                         net (fo=1, routed)           0.623    45.014    quotient_bcd_OBUF[0]_inst_i_4_n_0
    SLICE_X3Y137         CARRY4 (Prop_carry4_DI[2]_CO[3])
                                                      0.329    45.343 r  quotient_bcd_OBUF[0]_inst_i_2/CO[3]
                         net (fo=8, routed)           0.879    46.222    remainder1
    SLICE_X0Y135         LUT4 (Prop_lut4_I1_O)        0.105    46.327 r  remainder_bcd_OBUF[0]_inst_i_1/O
                         net (fo=1, routed)           1.377    47.704    remainder_bcd_OBUF[0]
    K25                  OBUF (Prop_obuf_I_O)         2.391    50.095 r  remainder_bcd_OBUF[0]_inst/O
                         net (fo=0)                   0.000    50.095    remainder_bcd[0]
    K25                                                               r  remainder_bcd[0] (OUT)
  -------------------------------------------------------------------    -------------------

Slack:                    inf
  Source:                 dividend_bcd[13]
                            (input port)
  Destination:            quotient_bcd[1]
                            (output port)
  Path Group:             (none)
  Path Type:              Max at Slow Process Corner
  Data Path Delay:        48.276ns  (logic 14.261ns (29.542%)  route 34.014ns (70.458%))
  Logic Levels:           51  (CARRY4=20 IBUF=1 LUT2=1 LUT4=4 LUT5=11 LUT6=13 OBUF=1)

    Location             Delay type                Incr(ns)  Path(ns)    Netlist Resource(s)
  -------------------------------------------------------------------    -------------------
    R21                                               0.000     0.000 r  dividend_bcd[13] (IN)
                         net (fo=0)                   0.000     0.000    dividend_bcd[13]
    R21                  IBUF (Prop_ibuf_I_O)         0.880     0.880 r  dividend_bcd_IBUF[13]_inst/O
                         net (fo=7, routed)           1.161     2.041    dividend_bcd_IBUF[13]
    SLICE_X1Y113         LUT4 (Prop_lut4_I2_O)        0.105     2.146 r  remainder_bcd_OBUF[4]_inst_i_30/O
                         net (fo=1, routed)           0.000     2.146    remainder_bcd_OBUF[4]_inst_i_30_n_0
    SLICE_X1Y113         CARRY4 (Prop_carry4_S[1]_O[2])
                                                      0.481     2.627 r  remainder_bcd_OBUF[4]_inst_i_21/O[2]
                         net (fo=2, routed)           0.801     3.428    remainder_bcd_OBUF[4]_inst_i_21_n_5
    SLICE_X0Y113         LUT5 (Prop_lut5_I4_O)        0.253     3.681 r  remainder_bcd_OBUF[4]_inst_i_22/O
                         net (fo=1, routed)           0.000     3.681    remainder_bcd_OBUF[4]_inst_i_22_n_0
    SLICE_X0Y113         CARRY4 (Prop_carry4_S[3]_CO[3])
                                                      0.332     4.013 r  remainder_bcd_OBUF[4]_inst_i_19/CO[3]
                         net (fo=1, routed)           0.000     4.013    remainder_bcd_OBUF[4]_inst_i_19_n_0
    SLICE_X0Y114         CARRY4 (Prop_carry4_CI_O[1])
                                                      0.265     4.278 r  quotient_bcd_OBUF[11]_inst_i_178/O[1]
                         net (fo=1, routed)           0.601     4.879    C[9]
    SLICE_X4Y113         LUT2 (Prop_lut2_I1_O)        0.250     5.129 r  quotient_bcd_OBUF[4]_inst_i_118/O
                         net (fo=1, routed)           0.000     5.129    quotient_bcd_OBUF[4]_inst_i_118_n_0
    SLICE_X4Y113         CARRY4 (Prop_carry4_S[3]_CO[3])
                                                      0.332     5.461 r  quotient_bcd_OBUF[4]_inst_i_116/CO[3]
                         net (fo=1, routed)           0.000     5.461    quotient_bcd_OBUF[4]_inst_i_116_n_0
    SLICE_X4Y114         CARRY4 (Prop_carry4_CI_O[1])
                                                      0.265     5.726 r  quotient_bcd_OBUF[11]_inst_i_127/O[1]
                         net (fo=1, routed)           0.398     6.124    PCOUT[11]
    SLICE_X2Y114         CARRY4 (Prop_carry4_S[2]_CO[3])
                                                      0.566     6.690 r  quotient_bcd_OBUF[11]_inst_i_105/CO[3]
                         net (fo=1, routed)           0.000     6.690    quotient_bcd_OBUF[11]_inst_i_105_n_0
    SLICE_X2Y115         CARRY4 (Prop_carry4_CI_O[0])
                                                      0.178     6.868 r  quotient_bcd_OBUF[11]_inst_i_101/O[0]
                         net (fo=8, routed)           1.562     8.430    p_0_in
    SLICE_X8Y129         LUT6 (Prop_lut6_I3_O)        0.238     8.668 f  quotient_bcd_OBUF[11]_inst_i_53/O
                         net (fo=2, routed)           0.361     9.029    quotient_bcd_OBUF[11]_inst_i_53_n_0
    SLICE_X8Y129         LUT5 (Prop_lut5_I2_O)        0.125     9.154 r  quotient_bcd_OBUF[11]_inst_i_35/O
                         net (fo=17, routed)          1.176    10.330    quotient_bcd_OBUF[11]_inst_i_35_n_0
    SLICE_X0Y127         LUT4 (Prop_lut4_I1_O)        0.264    10.594 r  quotient_bcd_OBUF[11]_inst_i_134/O
                         net (fo=1, routed)           0.000    10.594    quotient_bcd_OBUF[11]_inst_i_134_n_0
    SLICE_X0Y127         CARRY4 (Prop_carry4_S[1]_O[1])
                                                      0.187    10.781 r  quotient_bcd_OBUF[11]_inst_i_103/O[1]
                         net (fo=1, routed)           0.403    11.184    quotient_bcd_OBUF[11]_inst_i_103_n_6
    SLICE_X1Y127         LUT4 (Prop_lut4_I2_O)        0.250    11.434 r  quotient_bcd_OBUF[11]_inst_i_104/O
                         net (fo=7, routed)           0.847    12.282    quotient_bcd_OBUF[11]_inst_i_104_n_0
    SLICE_X2Y127         LUT5 (Prop_lut5_I0_O)        0.105    12.387 r  quotient_bcd_OBUF[11]_inst_i_163/O
                         net (fo=1, routed)           0.000    12.387    quotient_bcd_OBUF[11]_inst_i_163_n_0
    SLICE_X2Y127         CARRY4 (Prop_carry4_S[2]_CO[3])
                                                      0.316    12.703 r  quotient_bcd_OBUF[11]_inst_i_122/CO[3]
                         net (fo=1, routed)           0.000    12.703    quotient_bcd_OBUF[11]_inst_i_122_n_0
    SLICE_X2Y128         CARRY4 (Prop_carry4_CI_O[0])
                                                      0.178    12.881 r  quotient_bcd_OBUF[11]_inst_i_118/O[0]
                         net (fo=4, routed)           0.700    13.581    quotient_bcd_OBUF[11]_inst_i_118_n_7
    SLICE_X4Y128         LUT4 (Prop_lut4_I2_O)        0.252    13.833 r  quotient_bcd_OBUF[11]_inst_i_120/O
                         net (fo=5, routed)           0.908    14.741    quotient_bcd_OBUF[11]_inst_i_120_n_0
    SLICE_X4Y127         LUT6 (Prop_lut6_I1_O)        0.275    15.016 r  quotient_bcd_OBUF[11]_inst_i_86/O
                         net (fo=1, routed)           0.398    15.413    quotient_bcd_OBUF[11]_inst_i_86_n_0
    SLICE_X5Y127         CARRY4 (Prop_carry4_DI[2]_CO[3])
                                                      0.329    15.742 r  quotient_bcd_OBUF[11]_inst_i_50/CO[3]
                         net (fo=33, routed)          1.373    17.116    quotient_bcd_OBUF[11]_inst_i_50_n_0
    SLICE_X4Y127         LUT6 (Prop_lut6_I5_O)        0.105    17.221 r  quotient_bcd_OBUF[11]_inst_i_114/O
                         net (fo=8, routed)           1.451    18.672    quotient_bcd_OBUF[11]_inst_i_114_n_0
    SLICE_X5Y125         LUT6 (Prop_lut6_I1_O)        0.105    18.777 r  quotient_bcd_OBUF[11]_inst_i_94/O
                         net (fo=1, routed)           0.394    19.171    quotient_bcd_OBUF[11]_inst_i_94_n_0
    SLICE_X4Y125         CARRY4 (Prop_carry4_DI[2]_CO[3])
                                                      0.329    19.500 r  quotient_bcd_OBUF[11]_inst_i_51/CO[3]
                         net (fo=30, routed)          0.602    20.102    quotient_bcd_OBUF[11]_inst_i_51_n_0
    SLICE_X7Y126         LUT5 (Prop_lut5_I1_O)        0.105    20.207 r  quotient_bcd_OBUF[11]_inst_i_111/O
                         net (fo=10, routed)          1.094    21.301    quotient_bcd_OBUF[11]_inst_i_111_n_0
    SLICE_X8Y126         LUT6 (Prop_lut6_I4_O)        0.105    21.406 r  quotient_bcd_OBUF[11]_inst_i_79/O
                         net (fo=1, routed)           0.429    21.835    quotient_bcd_OBUF[11]_inst_i_79_n_0
    SLICE_X9Y126         CARRY4 (Prop_carry4_DI[1]_CO[3])
                                                      0.418    22.253 r  quotient_bcd_OBUF[11]_inst_i_49/CO[3]
                         net (fo=28, routed)          1.098    23.351    quotient_bcd_OBUF[11]_inst_i_49_n_0
    SLICE_X9Y127         LUT5 (Prop_lut5_I1_O)        0.105    23.456 r  quotient_bcd_OBUF[8]_inst_i_47/O
                         net (fo=10, routed)          1.041    24.497    quotient_bcd_OBUF[8]_inst_i_47_n_0
    SLICE_X9Y129         LUT6 (Prop_lut6_I4_O)        0.105    24.602 r  quotient_bcd_OBUF[11]_inst_i_71/O
                         net (fo=1, routed)           0.408    25.010    quotient_bcd_OBUF[11]_inst_i_71_n_0
    SLICE_X9Y128         CARRY4 (Prop_carry4_DI[1]_CO[3])
                                                      0.418    25.428 r  quotient_bcd_OBUF[11]_inst_i_48/CO[3]
                         net (fo=28, routed)          1.442    26.870    quotient_bcd_OBUF[11]_inst_i_48_n_0
    SLICE_X7Y131         LUT5 (Prop_lut5_I1_O)        0.105    26.975 r  quotient_bcd_OBUF[8]_inst_i_38/O
                         net (fo=7, routed)           0.827    27.802    quotient_bcd_OBUF[8]_inst_i_38_n_0
    SLICE_X5Y129         LUT6 (Prop_lut6_I0_O)        0.105    27.907 r  quotient_bcd_OBUF[8]_inst_i_33/O
                         net (fo=1, routed)           0.000    27.907    quotient_bcd_OBUF[8]_inst_i_33_n_0
    SLICE_X5Y129         CARRY4 (Prop_carry4_S[2]_CO[3])
                                                      0.332    28.239 r  quotient_bcd_OBUF[8]_inst_i_19/CO[3]
                         net (fo=28, routed)          0.970    29.209    quotient_bcd_OBUF[8]_inst_i_19_n_0
    SLICE_X5Y128         LUT5 (Prop_lut5_I1_O)        0.105    29.314 r  quotient_bcd_OBUF[4]_inst_i_73/O
                         net (fo=10, routed)          1.045    30.358    quotient_bcd_OBUF[4]_inst_i_73_n_0
    SLICE_X5Y132         LUT6 (Prop_lut6_I4_O)        0.105    30.463 r  quotient_bcd_OBUF[8]_inst_i_22/O
                         net (fo=1, routed)           0.255    30.718    quotient_bcd_OBUF[8]_inst_i_22_n_0
    SLICE_X6Y132         CARRY4 (Prop_carry4_DI[1]_CO[3])
                                                      0.430    31.148 r  quotient_bcd_OBUF[8]_inst_i_18/CO[3]
                         net (fo=28, routed)          1.413    32.562    quotient_bcd_OBUF[8]_inst_i_18_n_0
    SLICE_X4Y129         LUT5 (Prop_lut5_I1_O)        0.105    32.667 r  quotient_bcd_OBUF[4]_inst_i_67/O
                         net (fo=10, routed)          0.951    33.618    quotient_bcd_OBUF[4]_inst_i_67_n_0
    SLICE_X3Y132         LUT6 (Prop_lut6_I4_O)        0.105    33.723 r  quotient_bcd_OBUF[4]_inst_i_45/O
                         net (fo=1, routed)           0.000    33.723    quotient_bcd_OBUF[4]_inst_i_45_n_0
    SLICE_X3Y132         CARRY4 (Prop_carry4_S[1]_CO[3])
                                                      0.457    34.180 r  quotient_bcd_OBUF[4]_inst_i_9/CO[3]
                         net (fo=30, routed)          1.303    35.483    quotient_bcd_OBUF[4]_inst_i_9_n_0
    SLICE_X5Y134         LUT5 (Prop_lut5_I1_O)        0.105    35.588 r  quotient_bcd_OBUF[4]_inst_i_50/O
                         net (fo=7, routed)           0.656    36.244    quotient_bcd_OBUF[4]_inst_i_50_n_0
    SLICE_X2Y133         LUT6 (Prop_lut6_I1_O)        0.105    36.349 r  quotient_bcd_OBUF[4]_inst_i_32/O
                         net (fo=1, routed)           0.414    36.764    quotient_bcd_OBUF[4]_inst_i_32_n_0
    SLICE_X2Y132         CARRY4 (Prop_carry4_DI[2]_CO[3])
                                                      0.334    37.097 r  quotient_bcd_OBUF[4]_inst_i_8/CO[3]
                         net (fo=29, routed)          1.342    38.439    quotient_bcd_OBUF[4]_inst_i_8_n_0
    SLICE_X3Y133         LUT5 (Prop_lut5_I1_O)        0.105    38.544 r  quotient_bcd_OBUF[4]_inst_i_56/O
                         net (fo=10, routed)          0.609    39.153    quotient_bcd_OBUF[4]_inst_i_56_n_0
    SLICE_X6Y135         LUT6 (Prop_lut6_I4_O)        0.105    39.258 r  quotient_bcd_OBUF[4]_inst_i_17/O
                         net (fo=1, routed)           0.255    39.513    quotient_bcd_OBUF[4]_inst_i_17_n_0
    SLICE_X5Y135         CARRY4 (Prop_carry4_DI[1]_CO[3])
                                                      0.418    39.931 r  quotient_bcd_OBUF[4]_inst_i_4/CO[3]
                         net (fo=31, routed)          0.811    40.742    quotient_bcd_OBUF[4]_inst_i_4_n_0
    SLICE_X4Y136         LUT5 (Prop_lut5_I1_O)        0.105    40.847 r  remainder_bcd_OBUF[7]_inst_i_5/O
                         net (fo=7, routed)           0.716    41.563    remainder_bcd_OBUF[7]_inst_i_5_n_0
    SLICE_X2Y136         LUT6 (Prop_lut6_I1_O)        0.105    41.668 r  quotient_bcd_OBUF[4]_inst_i_24/O
                         net (fo=1, routed)           0.510    42.178    quotient_bcd_OBUF[4]_inst_i_24_n_0
    SLICE_X2Y137         CARRY4 (Prop_carry4_DI[2]_CO[3])
                                                      0.334    42.512 r  quotient_bcd_OBUF[4]_inst_i_7/CO[3]
                         net (fo=27, routed)          1.752    44.264    quotient_bcd_OBUF[4]_inst_i_7_n_0
    SLICE_X0Y132         LUT6 (Prop_lut6_I5_O)        0.105    44.369 r  quotient_bcd_OBUF[1]_inst_i_1/O
                         net (fo=1, routed)           1.536    45.905    quotient_bcd_OBUF[1]
    M22                  OBUF (Prop_obuf_I_O)         2.371    48.276 r  quotient_bcd_OBUF[1]_inst/O
                         net (fo=0)                   0.000    48.276    quotient_bcd[1]
    M22                                                               r  quotient_bcd[1] (OUT)
  -------------------------------------------------------------------    -------------------





Min Delay Paths
--------------------------------------------------------------------------------------
Slack:                    inf
  Source:                 dividend_bcd[0]
                            (input port)
  Destination:            remainder_bcd[0]
                            (output port)
  Path Group:             (none)
  Path Type:              Min at Fast Process Corner
  Data Path Delay:        2.671ns  (logic 1.355ns (50.744%)  route 1.316ns (49.256%))
  Logic Levels:           3  (IBUF=1 LUT4=1 OBUF=1)

    Location             Delay type                Incr(ns)  Path(ns)    Netlist Resource(s)
  -------------------------------------------------------------------    -------------------
    R18                                               0.000     0.000 r  dividend_bcd[0] (IN)
                         net (fo=0)                   0.000     0.000    dividend_bcd[0]
    R18                  IBUF (Prop_ibuf_I_O)         0.150     0.150 r  dividend_bcd_IBUF[0]_inst/O
                         net (fo=5, routed)           1.004     1.154    dividend_bcd_IBUF[0]
    SLICE_X0Y135         LUT4 (Prop_lut4_I0_O)        0.045     1.199 r  remainder_bcd_OBUF[0]_inst_i_1/O
                         net (fo=1, routed)           0.311     1.510    remainder_bcd_OBUF[0]
    K25                  OBUF (Prop_obuf_I_O)         1.161     2.671 r  remainder_bcd_OBUF[0]_inst/O
                         net (fo=0)                   0.000     2.671    remainder_bcd[0]
    K25                                                               r  remainder_bcd[0] (OUT)
  -------------------------------------------------------------------    -------------------

Slack:                    inf
  Source:                 divisor_bcd[6]
                            (input port)
  Destination:            quotient_bcd[2]
                            (output port)
  Path Group:             (none)
  Path Type:              Min at Fast Process Corner
  Data Path Delay:        2.847ns  (logic 1.442ns (50.643%)  route 1.405ns (49.357%))
  Logic Levels:           5  (IBUF=1 LUT6=3 OBUF=1)

    Location             Delay type                Incr(ns)  Path(ns)    Netlist Resource(s)
  -------------------------------------------------------------------    -------------------
    P20                                               0.000     0.000 r  divisor_bcd[6] (IN)
                         net (fo=0)                   0.000     0.000    divisor_bcd[6]
    P20                  IBUF (Prop_ibuf_I_O)         0.167     0.167 r  divisor_bcd_IBUF[6]_inst/O
                         net (fo=11, routed)          0.606     0.773    divisor_bcd_IBUF[6]
    SLICE_X1Y129         LUT6 (Prop_lut6_I1_O)        0.045     0.818 f  quotient_bcd_OBUF[4]_inst_i_13/O
                         net (fo=2, routed)           0.091     0.909    quotient_bcd_OBUF[4]_inst_i_13_n_0
    SLICE_X1Y129         LUT6 (Prop_lut6_I4_O)        0.045     0.954 r  quotient_bcd_OBUF[4]_inst_i_3/O
                         net (fo=40, routed)          0.352     1.305    quotient_bcd_OBUF[4]_inst_i_3_n_0
    SLICE_X0Y132         LUT6 (Prop_lut6_I4_O)        0.045     1.350 r  quotient_bcd_OBUF[2]_inst_i_1/O
                         net (fo=1, routed)           0.357     1.707    quotient_bcd_OBUF[2]
    M21                  OBUF (Prop_obuf_I_O)         1.140     2.847 r  quotient_bcd_OBUF[2]_inst/O
                         net (fo=0)                   0.000     2.847    quotient_bcd[2]
    M21                                                               r  quotient_bcd[2] (OUT)
  -------------------------------------------------------------------    -------------------

Slack:                    inf
  Source:                 divisor_bcd[6]
                            (input port)
  Destination:            quotient_bcd[1]
                            (output port)
  Path Group:             (none)
  Path Type:              Min at Fast Process Corner
  Data Path Delay:        2.898ns  (logic 1.442ns (49.764%)  route 1.456ns (50.236%))
  Logic Levels:           5  (IBUF=1 LUT6=3 OBUF=1)

    Location             Delay type                Incr(ns)  Path(ns)    Netlist Resource(s)
  -------------------------------------------------------------------    -------------------
    P20                                               0.000     0.000 r  divisor_bcd[6] (IN)
                         net (fo=0)                   0.000     0.000    divisor_bcd[6]
    P20                  IBUF (Prop_ibuf_I_O)         0.167     0.167 r  divisor_bcd_IBUF[6]_inst/O
                         net (fo=11, routed)          0.606     0.773    divisor_bcd_IBUF[6]
    SLICE_X1Y129         LUT6 (Prop_lut6_I1_O)        0.045     0.818 f  quotient_bcd_OBUF[4]_inst_i_13/O
                         net (fo=2, routed)           0.091     0.909    quotient_bcd_OBUF[4]_inst_i_13_n_0
    SLICE_X1Y129         LUT6 (Prop_lut6_I4_O)        0.045     0.954 r  quotient_bcd_OBUF[4]_inst_i_3/O
                         net (fo=40, routed)          0.347     1.301    quotient_bcd_OBUF[4]_inst_i_3_n_0
    SLICE_X0Y132         LUT6 (Prop_lut6_I1_O)        0.045     1.346 r  quotient_bcd_OBUF[1]_inst_i_1/O
                         net (fo=1, routed)           0.412     1.758    quotient_bcd_OBUF[1]
    M22                  OBUF (Prop_obuf_I_O)         1.141     2.898 r  quotient_bcd_OBUF[1]_inst/O
                         net (fo=0)                   0.000     2.898    quotient_bcd[1]
    M22                                                               r  quotient_bcd[1] (OUT)
  -------------------------------------------------------------------    -------------------

Slack:                    inf
  Source:                 divisor_bcd[1]
                            (input port)
  Destination:            remainder_bcd[1]
                            (output port)
  Path Group:             (none)
  Path Type:              Min at Fast Process Corner
  Data Path Delay:        2.922ns  (logic 1.627ns (55.688%)  route 1.295ns (44.312%))
  Logic Levels:           6  (CARRY4=1 IBUF=1 LUT5=1 LUT6=2 OBUF=1)

    Location             Delay type                Incr(ns)  Path(ns)    Netlist Resource(s)
  -------------------------------------------------------------------    -------------------
    N19                                               0.000     0.000 r  divisor_bcd[1] (IN)
                         net (fo=0)                   0.000     0.000    divisor_bcd[1]
    N19                  IBUF (Prop_ibuf_I_O)         0.161     0.161 r  divisor_bcd_IBUF[1]_inst/O
                         net (fo=28, routed)          0.677     0.838    divisor_bcd_IBUF[1]
    SLICE_X2Y134         LUT5 (Prop_lut5_I4_O)        0.045     0.883 r  remainder_bcd_OBUF[7]_inst_i_24/O
                         net (fo=1, routed)           0.000     0.883    remainder_bcd_OBUF[7]_inst_i_24_n_0
    SLICE_X2Y134         CARRY4 (Prop_carry4_S[1]_O[2])
                                                      0.151     1.034 f  remainder_bcd_OBUF[7]_inst_i_10/O[2]
                         net (fo=5, routed)           0.216     1.250    remainder_bcd_OBUF[7]_inst_i_10_n_5
    SLICE_X0Y136         LUT6 (Prop_lut6_I3_O)        0.108     1.358 r  remainder_bcd_OBUF[5]_inst_i_2/O
                         net (fo=7, routed)           0.128     1.486    remainder_bcd_OBUF[5]_inst_i_2_n_0
    SLICE_X0Y137         LUT6 (Prop_lut6_I0_O)        0.045     1.531 r  remainder_bcd_OBUF[1]_inst_i_1/O
                         net (fo=1, routed)           0.274     1.805    remainder_bcd_OBUF[1]
    N18                  OBUF (Prop_obuf_I_O)         1.117     2.922 r  remainder_bcd_OBUF[1]_inst/O
                         net (fo=0)                   0.000     2.922    remainder_bcd[1]
    N18                                                               r  remainder_bcd[1] (OUT)
  -------------------------------------------------------------------    -------------------

Slack:                    inf
  Source:                 divisor_bcd[6]
                            (input port)
  Destination:            quotient_bcd[4]
                            (output port)
  Path Group:             (none)
  Path Type:              Min at Fast Process Corner
  Data Path Delay:        2.969ns  (logic 1.442ns (48.567%)  route 1.527ns (51.433%))
  Logic Levels:           5  (IBUF=1 LUT6=3 OBUF=1)

    Location             Delay type                Incr(ns)  Path(ns)    Netlist Resource(s)
  -------------------------------------------------------------------    -------------------
    P20                                               0.000     0.000 r  divisor_bcd[6] (IN)
                         net (fo=0)                   0.000     0.000    divisor_bcd[6]
    P20                  IBUF (Prop_ibuf_I_O)         0.167     0.167 r  divisor_bcd_IBUF[6]_inst/O
                         net (fo=11, routed)          0.606     0.773    divisor_bcd_IBUF[6]
    SLICE_X1Y129         LUT6 (Prop_lut6_I1_O)        0.045     0.818 f  quotient_bcd_OBUF[4]_inst_i_13/O
                         net (fo=2, routed)           0.091     0.909    quotient_bcd_OBUF[4]_inst_i_13_n_0
    SLICE_X1Y129         LUT6 (Prop_lut6_I4_O)        0.045     0.954 r  quotient_bcd_OBUF[4]_inst_i_3/O
                         net (fo=40, routed)          0.477     1.431    quotient_bcd_OBUF[4]_inst_i_3_n_0
    SLICE_X0Y132         LUT6 (Prop_lut6_I1_O)        0.045     1.476 r  quotient_bcd_OBUF[4]_inst_i_1/O
                         net (fo=1, routed)           0.353     1.829    quotient_bcd_OBUF[4]
    L22                  OBUF (Prop_obuf_I_O)         1.140     2.969 r  quotient_bcd_OBUF[4]_inst/O
                         net (fo=0)                   0.000     2.969    quotient_bcd[4]
    L22                                                               r  quotient_bcd[4] (OUT)
  -------------------------------------------------------------------    -------------------

Slack:                    inf
  Source:                 divisor_bcd[1]
                            (input port)
  Destination:            remainder_bcd[2]
                            (output port)
  Path Group:             (none)
  Path Type:              Min at Fast Process Corner
  Data Path Delay:        2.971ns  (logic 1.634ns (54.998%)  route 1.337ns (45.002%))
  Logic Levels:           6  (CARRY4=1 IBUF=1 LUT5=1 LUT6=2 OBUF=1)

    Location             Delay type                Incr(ns)  Path(ns)    Netlist Resource(s)
  -------------------------------------------------------------------    -------------------
    N19                                               0.000     0.000 r  divisor_bcd[1] (IN)
                         net (fo=0)                   0.000     0.000    divisor_bcd[1]
    N19                  IBUF (Prop_ibuf_I_O)         0.161     0.161 r  divisor_bcd_IBUF[1]_inst/O
                         net (fo=28, routed)          0.677     0.838    divisor_bcd_IBUF[1]
    SLICE_X2Y134         LUT5 (Prop_lut5_I4_O)        0.045     0.883 r  remainder_bcd_OBUF[7]_inst_i_24/O
                         net (fo=1, routed)           0.000     0.883    remainder_bcd_OBUF[7]_inst_i_24_n_0
    SLICE_X2Y134         CARRY4 (Prop_carry4_S[1]_O[2])
                                                      0.151     1.034 f  remainder_bcd_OBUF[7]_inst_i_10/O[2]
                         net (fo=5, routed)           0.216     1.250    remainder_bcd_OBUF[7]_inst_i_10_n_5
    SLICE_X0Y136         LUT6 (Prop_lut6_I3_O)        0.108     1.358 r  remainder_bcd_OBUF[5]_inst_i_2/O
                         net (fo=7, routed)           0.128     1.486    remainder_bcd_OBUF[5]_inst_i_2_n_0
    SLICE_X0Y137         LUT6 (Prop_lut6_I5_O)        0.045     1.531 r  remainder_bcd_OBUF[2]_inst_i_1/O
                         net (fo=1, routed)           0.316     1.847    remainder_bcd_OBUF[2]
    P18                  OBUF (Prop_obuf_I_O)         1.124     2.971 r  remainder_bcd_OBUF[2]_inst/O
                         net (fo=0)                   0.000     2.971    remainder_bcd[2]
    P18                                                               r  remainder_bcd[2] (OUT)
  -------------------------------------------------------------------    -------------------

Slack:                    inf
  Source:                 divisor_bcd[6]
                            (input port)
  Destination:            quotient_bcd[3]
                            (output port)
  Path Group:             (none)
  Path Type:              Min at Fast Process Corner
  Data Path Delay:        3.034ns  (logic 1.447ns (47.678%)  route 1.588ns (52.322%))
  Logic Levels:           5  (IBUF=1 LUT6=3 OBUF=1)

    Location             Delay type                Incr(ns)  Path(ns)    Netlist Resource(s)
  -------------------------------------------------------------------    -------------------
    P20                                               0.000     0.000 r  divisor_bcd[6] (IN)
                         net (fo=0)                   0.000     0.000    divisor_bcd[6]
    P20                  IBUF (Prop_ibuf_I_O)         0.167     0.167 r  divisor_bcd_IBUF[6]_inst/O
                         net (fo=11, routed)          0.606     0.773    divisor_bcd_IBUF[6]
    SLICE_X1Y129         LUT6 (Prop_lut6_I1_O)        0.045     0.818 f  quotient_bcd_OBUF[4]_inst_i_13/O
                         net (fo=2, routed)           0.091     0.909    quotient_bcd_OBUF[4]_inst_i_13_n_0
    SLICE_X1Y129         LUT6 (Prop_lut6_I4_O)        0.045     0.954 r  quotient_bcd_OBUF[4]_inst_i_3/O
                         net (fo=40, routed)          0.481     1.435    quotient_bcd_OBUF[4]_inst_i_3_n_0
    SLICE_X0Y132         LUT6 (Prop_lut6_I2_O)        0.045     1.480 r  quotient_bcd_OBUF[3]_inst_i_1/O
                         net (fo=1, routed)           0.409     1.889    quotient_bcd_OBUF[3]
    L23                  OBUF (Prop_obuf_I_O)         1.145     3.034 r  quotient_bcd_OBUF[3]_inst/O
                         net (fo=0)                   0.000     3.034    quotient_bcd[3]
    L23                                                               r  quotient_bcd[3] (OUT)
  -------------------------------------------------------------------    -------------------

Slack:                    inf
  Source:                 divisor_bcd[1]
                            (input port)
  Destination:            remainder_bcd[3]
                            (output port)
  Path Group:             (none)
  Path Type:              Min at Fast Process Corner
  Data Path Delay:        3.098ns  (logic 1.722ns (55.592%)  route 1.376ns (44.408%))
  Logic Levels:           7  (CARRY4=2 IBUF=1 LUT5=1 LUT6=2 OBUF=1)

    Location             Delay type                Incr(ns)  Path(ns)    Netlist Resource(s)
  -------------------------------------------------------------------    -------------------
    N19                                               0.000     0.000 r  divisor_bcd[1] (IN)
                         net (fo=0)                   0.000     0.000    divisor_bcd[1]
    N19                  IBUF (Prop_ibuf_I_O)         0.161     0.161 r  divisor_bcd_IBUF[1]_inst/O
                         net (fo=28, routed)          0.677     0.838    divisor_bcd_IBUF[1]
    SLICE_X2Y134         LUT5 (Prop_lut5_I4_O)        0.045     0.883 r  remainder_bcd_OBUF[7]_inst_i_24/O
                         net (fo=1, routed)           0.000     0.883    remainder_bcd_OBUF[7]_inst_i_24_n_0
    SLICE_X2Y134         CARRY4 (Prop_carry4_S[1]_CO[3])
                                                      0.152     1.035 r  remainder_bcd_OBUF[7]_inst_i_10/CO[3]
                         net (fo=1, routed)           0.000     1.035    remainder_bcd_OBUF[7]_inst_i_10_n_0
    SLICE_X2Y135         CARRY4 (Prop_carry4_CI_O[1])
                                                      0.090     1.125 f  remainder_bcd_OBUF[7]_inst_i_6/O[1]
                         net (fo=4, routed)           0.232     1.357    remainder_bcd_OBUF[7]_inst_i_6_n_6
    SLICE_X0Y137         LUT6 (Prop_lut6_I3_O)        0.108     1.465 r  remainder_bcd_OBUF[7]_inst_i_2/O
                         net (fo=9, routed)           0.151     1.616    remainder_bcd_OBUF[7]_inst_i_2_n_0
    SLICE_X0Y138         LUT6 (Prop_lut6_I5_O)        0.045     1.661 r  remainder_bcd_OBUF[3]_inst_i_1/O
                         net (fo=1, routed)           0.316     1.977    remainder_bcd_OBUF[3]
    R17                  OBUF (Prop_obuf_I_O)         1.121     3.098 r  remainder_bcd_OBUF[3]_inst/O
                         net (fo=0)                   0.000     3.098    remainder_bcd[3]
    R17                                                               r  remainder_bcd[3] (OUT)
  -------------------------------------------------------------------    -------------------

Slack:                    inf
  Source:                 divisor_bcd[1]
                            (input port)
  Destination:            remainder_bcd[5]
                            (output port)
  Path Group:             (none)
  Path Type:              Min at Fast Process Corner
  Data Path Delay:        3.193ns  (logic 1.632ns (51.112%)  route 1.561ns (48.888%))
  Logic Levels:           6  (CARRY4=1 IBUF=1 LUT5=2 LUT6=1 OBUF=1)

    Location             Delay type                Incr(ns)  Path(ns)    Netlist Resource(s)
  -------------------------------------------------------------------    -------------------
    N19                                               0.000     0.000 r  divisor_bcd[1] (IN)
                         net (fo=0)                   0.000     0.000    divisor_bcd[1]
    N19                  IBUF (Prop_ibuf_I_O)         0.161     0.161 r  divisor_bcd_IBUF[1]_inst/O
                         net (fo=28, routed)          0.677     0.838    divisor_bcd_IBUF[1]
    SLICE_X2Y134         LUT5 (Prop_lut5_I4_O)        0.045     0.883 r  remainder_bcd_OBUF[7]_inst_i_24/O
                         net (fo=1, routed)           0.000     0.883    remainder_bcd_OBUF[7]_inst_i_24_n_0
    SLICE_X2Y134         CARRY4 (Prop_carry4_S[1]_O[2])
                                                      0.151     1.034 f  remainder_bcd_OBUF[7]_inst_i_10/O[2]
                         net (fo=5, routed)           0.216     1.250    remainder_bcd_OBUF[7]_inst_i_10_n_5
    SLICE_X0Y136         LUT6 (Prop_lut6_I3_O)        0.108     1.358 r  remainder_bcd_OBUF[5]_inst_i_2/O
                         net (fo=7, routed)           0.319     1.677    remainder_bcd_OBUF[5]_inst_i_2_n_0
    SLICE_X0Y138         LUT5 (Prop_lut5_I0_O)        0.045     1.722 r  remainder_bcd_OBUF[5]_inst_i_1/O
                         net (fo=1, routed)           0.350     2.071    remainder_bcd_OBUF[5]
    N17                  OBUF (Prop_obuf_I_O)         1.122     3.193 r  remainder_bcd_OBUF[5]_inst/O
                         net (fo=0)                   0.000     3.193    remainder_bcd[5]
    N17                                                               r  remainder_bcd[5] (OUT)
  -------------------------------------------------------------------    -------------------

Slack:                    inf
  Source:                 divisor_bcd[1]
                            (input port)
  Destination:            remainder_bcd[4]
                            (output port)
  Path Group:             (none)
  Path Type:              Min at Fast Process Corner
  Data Path Delay:        3.219ns  (logic 1.642ns (51.003%)  route 1.577ns (48.998%))
  Logic Levels:           6  (CARRY4=1 IBUF=1 LUT5=1 LUT6=2 OBUF=1)

    Location             Delay type                Incr(ns)  Path(ns)    Netlist Resource(s)
  -------------------------------------------------------------------    -------------------
    N19                                               0.000     0.000 r  divisor_bcd[1] (IN)
                         net (fo=0)                   0.000     0.000    divisor_bcd[1]
    N19                  IBUF (Prop_ibuf_I_O)         0.161     0.161 r  divisor_bcd_IBUF[1]_inst/O
                         net (fo=28, routed)          0.677     0.838    divisor_bcd_IBUF[1]
    SLICE_X2Y134         LUT5 (Prop_lut5_I4_O)        0.045     0.883 r  remainder_bcd_OBUF[7]_inst_i_24/O
                         net (fo=1, routed)           0.000     0.883    remainder_bcd_OBUF[7]_inst_i_24_n_0
    SLICE_X2Y134         CARRY4 (Prop_carry4_S[1]_O[2])
                                                      0.151     1.034 f  remainder_bcd_OBUF[7]_inst_i_10/O[2]
                         net (fo=5, routed)           0.216     1.250    remainder_bcd_OBUF[7]_inst_i_10_n_5
    SLICE_X0Y136         LUT6 (Prop_lut6_I3_O)        0.108     1.358 r  remainder_bcd_OBUF[5]_inst_i_2/O
                         net (fo=7, routed)           0.303     1.661    remainder_bcd_OBUF[5]_inst_i_2_n_0
    SLICE_X0Y138         LUT6 (Prop_lut6_I0_O)        0.045     1.706 r  remainder_bcd_OBUF[4]_inst_i_1/O
                         net (fo=1, routed)           0.381     2.088    remainder_bcd_OBUF[4]
    R16                  OBUF (Prop_obuf_I_O)         1.131     3.219 r  remainder_bcd_OBUF[4]_inst/O
                         net (fo=0)                   0.000     3.219    remainder_bcd[4]
    R16                                                               r  remainder_bcd[4] (OUT)
  -------------------------------------------------------------------    -------------------





